symbol,fiscalDateEnding,reportedDate,reportedEPS,estimatedEPS,surprise,surprisePercentage,reportTime
ADBE,2023-11-30,2023-12-13,4.27,4.14,0.13,3.1401,post-market
ADBE,2023-08-31,2023-09-14,4.09,3.98,0.11,2.7638,post-market
ADBE,2023-05-31,2023-06-15,3.91,3.79,0.12,3.1662,post-market
ADBE,2023-02-28,2023-03-15,3.8,3.68,0.12,3.2609,post-market
ADBE,2022-11-30,2022-12-15,3.6,3.5,0.1,2.8571,post-market
ADBE,2022-08-31,2022-09-15,3.4,3.33,0.07,2.1021,pre-market
ADBE,2022-05-31,2022-06-16,3.35,3.31,0.04,1.2085,post-market
ADBE,2022-02-28,2022-03-22,3.37,3.34,0.03,0.8982,post-market
ADBE,2021-11-30,2021-12-16,3.2,3.2,0,0,pre-market
ADBE,2021-08-31,2021-09-21,3.11,3.01,0.1,3.3223,post-market
ADBE,2021-05-31,2021-06-17,3.03,2.81,0.22,7.8292,post-market
ADBE,2021-02-28,2021-03-23,3.14,2.78,0.36,12.9496,post-market
ADP,2023-12-31,2024-01-31,2.13,2.1,0.03,1.4286,pre-market
ADP,2023-09-30,2023-10-25,2.08,2.03,0.05,2.4631,pre-market
ADP,2023-06-30,2023-07-26,1.89,1.83,0.06,3.2787,pre-market
ADP,2023-03-31,2023-04-26,2.52,2.45,0.07,2.8571,pre-market
ADP,2022-12-31,2023-01-25,1.96,1.94,0.02,1.0309,post-market
ADP,2022-09-30,2022-10-26,1.86,1.8,0.06,3.3333,pre-market
ADP,2022-06-30,2022-07-27,1.5,1.46,0.04,2.7397,pre-market
ADP,2022-03-31,2022-04-27,2.21,2.08,0.13,6.25,pre-market
ADP,2021-12-31,2022-01-26,1.65,1.63,0.02,1.227,pre-market
ADP,2021-09-30,2021-10-27,1.65,1.49,0.16,10.7383,pre-market
ADP,2021-06-30,2021-07-28,1.2,1.14,0.06,5.2632,pre-market
ADP,2021-03-31,2021-04-28,1.89,1.82,0.07,3.8462,pre-market
ABNB,2023-12-31,2024-02-13,0.76,0.62,0.14,22.5806,post-market
ABNB,2023-09-30,2023-11-01,2.43,2.1,0.33,15.7143,post-market
ABNB,2023-06-30,2023-08-03,0.98,0.78,0.2,25.641,post-market
ABNB,2023-03-31,2023-05-09,0.18,0.09,0.09,100,post-market
ABNB,2022-12-31,2023-02-14,0.48,0.25,0.23,92,post-market
ABNB,2022-09-30,2022-11-01,1.79,1.47,0.32,21.7687,post-market
ABNB,2022-06-30,2022-08-02,0.56,0.43,0.13,30.2326,post-market
ABNB,2022-03-31,2022-05-03,-0.03,-0.29,0.26,89.6552,post-market
ABNB,2021-12-31,2022-02-15,0.08,0.03,0.05,166.6667,post-market
ABNB,2021-09-30,2021-11-04,1.22,0.75,0.47,62.6667,post-market
ABNB,2021-06-30,2021-08-12,-0.11,-0.47,0.36,76.5957,post-market
ABNB,2021-03-31,2021-05-13,-1.12,-1.17,0.05,4.2735,post-market
GOOGL,2023-12-31,2024-01-30,1.64,1.59,0.05,3.1447,post-market
GOOGL,2023-09-30,2023-10-24,1.55,1.45,0.1,6.8966,post-market
GOOGL,2023-06-30,2023-07-25,1.44,1.34,0.1,7.4627,post-market
GOOGL,2023-03-31,2023-04-25,1.17,1.07,0.1,9.3458,post-market
GOOGL,2022-12-31,2023-02-02,1.05,1.18,-0.13,-11.0169,post-market
GOOGL,2022-09-30,2022-10-25,1.06,1.25,-0.19,-15.2,post-market
GOOGL,2022-06-30,2022-07-26,1.21,1.28,-0.07,-5.4688,post-market
GOOGL,2022-03-31,2022-04-26,1.23,1.3,-0.07,-5.3846,post-market
GOOGL,2021-12-31,2022-02-01,1.53,1.37,0.16,11.6788,post-market
GOOGL,2021-09-30,2021-10-26,1.4,1.17,0.23,19.6581,post-market
GOOGL,2021-06-30,2021-07-27,1.36,0.97,0.39,40.2062,post-market
GOOGL,2021-03-31,2021-04-27,1.31,0.79,0.52,65.8228,post-market
GOOG,2023-12-31,2024-01-30,1.64,1.59,0.05,3.1447,post-market
GOOG,2023-09-30,2023-10-23,1.55,1.45,0.1,6.8966,pre-market
GOOG,2023-06-30,2023-07-25,1.44,1.34,0.1,7.4627,post-market
GOOG,2023-03-31,2023-04-25,1.17,1.06,0.11,10.3774,post-market
GOOG,2022-12-31,2023-02-02,1.05,1.19,-0.14,-11.7647,post-market
GOOG,2022-09-30,2022-10-25,1.06,1.25,-0.19,-15.2,post-market
GOOG,2022-06-30,2022-07-26,1.21,1.3,-0.09,-6.9231,post-market
GOOG,2022-03-31,2022-04-26,1.23,1.29,-0.06,-4.6512,post-market
GOOG,2021-12-31,2022-02-01,1.53,1.38,0.15,10.8696,post-market
GOOG,2021-09-30,2021-10-26,1.4,1.17,0.23,19.6581,post-market
GOOG,2021-06-30,2021-07-27,1.36,0.96,0.4,41.6667,post-market
GOOG,2021-03-31,2021-04-27,1.31,0.79,0.52,65.8228,post-market
AMZN,2023-12-31,2024-02-01,1,0.8,0.2,25,post-market
AMZN,2023-09-30,2023-10-26,0.94,0.58,0.36,62.069,post-market
AMZN,2023-06-30,2023-08-03,0.65,0.35,0.3,85.7143,post-market
AMZN,2023-03-31,2023-04-27,0.31,0.21,0.1,47.619,post-market
AMZN,2022-12-31,2023-02-02,0.25,0.18,0.07,38.8889,post-market
AMZN,2022-09-30,2022-10-27,0.17,0.22,-0.05,-22.7273,post-market
AMZN,2022-06-30,2022-07-28,0.18,0.14,0.04,28.5714,post-market
AMZN,2022-03-31,2022-04-28,0.37,0.42,-0.05,-11.9048,post-market
AMZN,2021-12-31,2022-02-03,0.29,0.18,0.11,61.1111,post-market
AMZN,2021-09-30,2021-10-28,0.31,0.45,-0.14,-31.1111,post-market
AMZN,2021-06-30,2021-07-29,0.76,0.62,0.14,22.5806,post-market
AMZN,2021-03-31,2021-04-29,0.79,0.48,0.31,64.5833,post-market
AMD,2023-12-31,2024-01-30,0.77,0.77,0,0,post-market
AMD,2023-09-30,2023-10-31,0.7,0.68,0.02,2.9412,post-market
AMD,2023-06-30,2023-08-01,0.58,0.57,0.01,1.7544,post-market
AMD,2023-03-31,2023-05-02,0.6,0.56,0.04,7.1429,post-market
AMD,2022-12-31,2023-01-31,0.69,0.67,0.02,2.9851,post-market
AMD,2022-09-30,2022-11-01,0.67,0.68,-0.01,-1.4706,post-market
AMD,2022-06-30,2022-08-02,1.05,1.03,0.02,1.9417,post-market
AMD,2022-03-31,2022-05-03,1.13,0.91,0.22,24.1758,post-market
AMD,2021-12-31,2022-02-01,0.92,0.76,0.16,21.0526,post-market
AMD,2021-09-30,2021-10-26,0.73,0.67,0.06,8.9552,post-market
AMD,2021-06-30,2021-07-27,0.63,0.54,0.09,16.6667,post-market
AMD,2021-03-31,2021-04-27,0.52,0.44,0.08,18.1818,post-market
AEP,2023-12-31,2024-02-27,1.23,1.26,-0.03,-2.381,pre-market
AEP,2023-09-30,2023-11-02,1.77,1.7,0.07,4.1176,pre-market
AEP,2023-06-30,2023-07-27,1.13,1.12,0.01,0.8929,pre-market
AEP,2023-03-31,2023-05-04,1.11,1.12,-0.01,-0.8929,pre-market
AEP,2022-12-31,2023-02-23,1.05,0.99,0.06,6.0606,pre-market
AEP,2022-09-30,2022-10-27,1.62,1.56,0.06,3.8462,pre-market
AEP,2022-06-30,2022-07-27,1.2,1.19,0.01,0.8403,pre-market
AEP,2022-03-31,2022-04-28,1.22,1.2,0.02,1.6667,pre-market
AEP,2021-12-31,2022-02-24,0.98,0.93,0.05,5.3763,pre-market
AEP,2021-09-30,2021-10-28,1.43,1.46,-0.03,-2.0548,pre-market
AEP,2021-06-30,2021-07-22,1.18,1.14,0.04,3.5088,pre-market
AEP,2021-03-31,2021-04-22,1.15,1.17,-0.02,-1.7094,pre-market
AMGN,2023-12-31,2024-03-05,4.4,4.3,0.1,2.3256,pre-market
AMGN,2023-09-30,2023-10-31,4.96,4.67,0.29,6.2099,pre-market
AMGN,2023-06-30,2023-08-03,5,4.49,0.51,11.3586,post-market
AMGN,2023-03-31,2023-04-27,3.98,3.85,0.13,3.3766,post-market
AMGN,2022-12-31,2023-01-31,4.09,4.1,-0.01,-0.2439,post-market
AMGN,2022-09-30,2022-11-03,4.7,4.44,0.26,5.8559,post-market
AMGN,2022-06-30,2022-08-04,4.65,4.4,0.25,5.6818,post-market
AMGN,2022-03-31,2022-04-27,4.25,4.09,0.16,3.912,post-market
AMGN,2021-12-31,2022-02-07,4.36,4.08,0.28,6.8627,post-market
AMGN,2021-09-30,2021-11-02,4.67,4.27,0.4,9.3677,post-market
AMGN,2021-06-30,2021-08-03,4.38,4.09,0.29,7.0905,post-market
AMGN,2021-03-31,2021-04-27,3.7,4.05,-0.35,-8.642,post-market
ADI,2023-10-31,2023-11-21,2.01,2,0.01,0.5,pre-market
ADI,2023-07-31,2023-08-23,2.49,2.52,-0.03,-1.1905,pre-market
ADI,2023-04-30,2023-05-24,2.83,2.75,0.08,2.9091,pre-market
ADI,2023-01-31,2023-02-15,2.75,2.6,0.15,5.7692,pre-market
ADI,2022-10-31,2022-11-22,2.73,2.58,0.15,5.814,pre-market
ADI,2022-07-31,2022-08-17,2.52,2.43,0.09,3.7037,pre-market
ADI,2022-04-30,2022-05-18,2.4,2.11,0.29,13.7441,pre-market
ADI,2022-01-31,2022-02-16,1.94,1.78,0.16,8.9888,pre-market
ADI,2021-10-31,2021-11-23,1.73,1.7,0.03,1.7647,pre-market
ADI,2021-07-31,2021-08-18,1.72,1.63,0.09,5.5215,pre-market
ADI,2021-04-30,2021-05-19,1.54,1.45,0.09,6.2069,pre-market
ADI,2021-01-31,2021-02-17,1.44,1.32,0.12,9.0909,pre-market
ANSS,2023-12-31,2024-02-21,3.94,3.71,0.23,6.1995,post-market
ANSS,2023-09-30,2023-11-01,1.41,1.26,0.15,11.9048,post-market
ANSS,2023-06-30,2023-08-02,1.6,1.49,0.11,7.3826,post-market
ANSS,2023-03-31,2023-05-03,1.85,1.61,0.24,14.9068,post-market
ANSS,2022-12-31,2023-02-22,3.09,2.8,0.29,10.3571,post-market
ANSS,2022-09-30,2022-11-02,1.77,1.63,0.14,8.589,post-market
ANSS,2022-06-30,2022-08-03,1.77,1.6,0.17,10.625,post-market
ANSS,2022-03-31,2022-05-04,1.36,1.14,0.22,19.2982,post-market
ANSS,2021-12-31,2022-02-23,2.81,2.71,0.1,3.69,post-market
ANSS,2021-09-30,2021-11-03,1.59,1.34,0.25,18.6567,post-market
ANSS,2021-06-30,2021-08-04,1.85,1.56,0.29,18.5897,post-market
ANSS,2021-03-31,2021-05-05,1.12,0.84,0.28,33.3333,post-market
AAPL,2023-12-31,2024-02-01,2.18,2.1,0.08,3.8095,post-market
AAPL,2023-09-30,2023-11-02,1.46,1.39,0.07,5.036,post-market
AAPL,2023-06-30,2023-08-03,1.26,1.19,0.07,5.8824,post-market
AAPL,2023-03-31,2023-05-04,1.52,1.43,0.09,6.2937,post-market
AAPL,2022-12-31,2023-02-02,1.88,1.94,-0.06,-3.0928,post-market
AAPL,2022-09-30,2022-10-27,1.29,1.27,0.02,1.5748,post-market
AAPL,2022-06-30,2022-07-28,1.2,1.16,0.04,3.4483,post-market
AAPL,2022-03-31,2022-04-28,1.52,1.43,0.09,6.2937,post-market
AAPL,2021-12-31,2022-01-27,2.1,1.89,0.21,11.1111,post-market
AAPL,2021-09-30,2021-10-28,1.24,1.24,0,0,post-market
AAPL,2021-06-30,2021-07-27,1.3,1.01,0.29,28.7129,post-market
AAPL,2021-03-31,2021-04-28,1.4,0.99,0.41,41.4141,post-market
AMAT,2023-10-31,2023-11-16,2.12,2,0.12,6,post-market
AMAT,2023-07-31,2023-08-17,1.9,1.74,0.16,9.1954,post-market
AMAT,2023-04-30,2023-05-18,2,1.84,0.16,8.6957,post-market
AMAT,2023-01-31,2023-02-16,2.03,1.93,0.1,5.1813,post-market
AMAT,2022-10-31,2022-11-17,2.03,1.73,0.3,17.341,post-market
AMAT,2022-07-31,2022-08-18,1.94,1.79,0.15,8.3799,post-market
AMAT,2022-04-30,2022-05-19,1.85,1.9,-0.05,-2.6316,post-market
AMAT,2022-01-31,2022-02-16,1.89,1.85,0.04,2.1622,post-market
AMAT,2021-10-31,2021-11-18,1.94,1.95,-0.01,-0.5128,post-market
AMAT,2021-07-31,2021-08-19,1.9,1.77,0.13,7.3446,post-market
AMAT,2021-04-30,2021-05-20,1.63,1.51,0.12,7.947,post-market
AMAT,2021-01-31,2021-02-18,1.39,1.28,0.11,8.5937,post-market
ASML,2023-12-31,2024-01-24,5.55,5.09,0.46,9.0373,pre-market
ASML,2023-09-30,2023-10-18,4.81,4.59,0.22,4.793,pre-market
ASML,2023-06-30,2023-07-19,4.93,4.54,0.39,8.5903,pre-market
ASML,2023-03-31,2023-04-19,5.31,4.45,0.86,19.3258,post-market
ASML,2022-12-31,2023-01-25,4.7,4.45,0.25,5.618,pre-market
ASML,2022-09-30,2022-10-19,4.32,4.01,0.31,7.7307,pre-market
ASML,2022-06-30,2022-07-20,3.77,3.81,-0.04,-1.0499,pre-market
ASML,2022-03-31,2022-04-20,1.94,1.78,0.16,8.9888,pre-market
ASML,2021-12-31,2022-01-19,5.01,4.26,0.75,17.6056,pre-market
ASML,2021-09-30,2021-10-20,5.02,4.8,0.22,4.5833,pre-market
ASML,2021-06-30,2021-07-21,3.04,2.93,0.11,3.7543,pre-market
ASML,2021-03-31,2021-04-21,3.86,3.02,0.84,27.8146,pre-market
AZN,2023-12-31,2024-02-08,0.73,0.79,-0.06,-7.5949,pre-market
AZN,2023-09-30,2023-11-09,0.87,0.85,0.02,2.3529,pre-market
AZN,2023-06-30,2023-07-28,1.08,0.95,0.13,13.6842,pre-market
AZN,2023-03-31,2023-04-27,0.96,1.07,-0.11,-10.2804,pre-market
AZN,2022-12-31,2023-02-09,0.69,0.67,0.02,2.9851,pre-market
AZN,2022-09-30,2022-11-10,0.84,0.72,0.12,16.6667,pre-market
AZN,2022-06-30,2022-07-29,0.86,0.77,0.09,11.6883,pre-market
AZN,2022-03-31,2022-04-29,0.95,0.83,0.12,14.4578,pre-market
AZN,2021-12-31,2022-02-10,0.84,0.73,0.11,15.0685,pre-market
AZN,2021-09-30,2021-11-12,0.54,0.62,-0.08,-12.9032,pre-market
AZN,2021-06-30,2021-07-29,0.45,0.43,0.02,4.6512,pre-market
AZN,2021-03-31,2021-04-30,0.82,0.75,0.07,9.3333,pre-market
TEAM,2023-12-31,2024-02-01,0.73,0.62,0.11,17.7419,post-market
TEAM,2023-09-30,2023-11-02,0.65,0.54,0.11,20.3704,post-market
TEAM,2023-06-30,2023-08-03,0.57,0.45,0.12,26.6667,post-market
TEAM,2023-03-31,2023-05-04,0.54,0.34,0.2,58.8235,post-market
TEAM,2022-12-31,2023-02-02,0.45,0.31,0.14,45.1613,post-market
TEAM,2022-09-30,2022-11-03,0.36,0.39,-0.03,-7.6923,post-market
TEAM,2022-06-30,2022-08-04,0.27,0.27,0,0,post-market
TEAM,2022-03-31,2022-04-28,0.47,0.32,0.15,46.875,post-market
TEAM,2021-12-31,2022-01-27,0.5,0.39,0.11,28.2051,post-market
TEAM,2021-09-30,2021-10-28,0.46,0.4,0.06,15,post-market
TEAM,2021-06-30,2021-07-29,0.24,0.18,0.06,33.3333,post-market
TEAM,2021-03-31,2021-04-29,0.48,0.29,0.19,65.5172,post-market
ADSK,2023-10-31,2023-11-21,2.07,1.99,0.08,4.0201,post-market
ADSK,2023-07-31,2023-08-23,1.91,1.73,0.18,10.4046,post-market
ADSK,2023-04-30,2023-05-25,1.55,1.55,0,0,post-market
ADSK,2023-01-31,2023-02-23,1.86,1.81,0.05,2.7624,post-market
ADSK,2022-10-31,2022-11-22,1.7,1.7,0,0,post-market
ADSK,2022-07-31,2022-08-24,1.65,1.57,0.08,5.0955,post-market
ADSK,2022-04-30,2022-05-26,1.43,1.34,0.09,6.7164,post-market
ADSK,2022-01-31,2022-02-24,1.5,1.44,0.06,4.1667,post-market
ADSK,2021-10-31,2021-11-23,1.33,1.26,0.07,5.5556,post-market
ADSK,2021-07-31,2021-08-25,1.21,1.13,0.08,7.0796,post-market
ADSK,2021-04-30,2021-05-27,1.03,0.94,0.09,9.5745,post-market
ADSK,2021-01-31,2021-02-25,1.18,1.07,0.11,10.2804,post-market
BKR,2023-12-31,2024-01-23,0.51,0.48,0.03,6.25,post-market
BKR,2023-09-30,2023-10-25,0.42,0.4,0.02,5,post-market
BKR,2023-06-30,2023-07-19,0.39,0.33,0.06,18.1818,pre-market
BKR,2023-03-31,2023-04-19,0.28,0.26,0.02,7.6923,pre-market
BKR,2022-12-31,2023-01-23,0.38,0.4,-0.02,-5,pre-market
BKR,2022-09-30,2022-10-19,0.26,0.24,0.02,8.3333,pre-market
BKR,2022-06-30,2022-07-20,0.11,0.22,-0.11,-50,pre-market
BKR,2022-03-31,2022-04-20,0.15,0.2,-0.05,-25,pre-market
BKR,2021-12-31,2022-01-20,0.25,0.28,-0.03,-10.7143,pre-market
BKR,2021-09-30,2021-10-20,0.16,0.21,-0.05,-23.8095,pre-market
BKR,2021-06-30,2021-07-21,0.1,0.16,-0.06,-37.5,pre-market
BKR,2021-03-31,2021-04-21,0.12,0.11,0.01,9.0909,pre-market
BIIB,2023-12-31,2024-02-13,3.3,3.18,0.12,3.7736,pre-market
BIIB,2023-09-30,2023-11-08,4.36,3.97,0.39,9.8237,pre-market
BIIB,2023-06-30,2023-07-25,4.02,3.77,0.25,6.6313,pre-market
BIIB,2023-03-31,2023-04-25,3.4,3.28,0.12,3.6585,pre-market
BIIB,2022-12-31,2023-02-15,4.05,3.48,0.57,16.3793,pre-market
BIIB,2022-09-30,2022-10-25,4.77,4.14,0.63,15.2174,pre-market
BIIB,2022-06-30,2022-07-20,5.25,4.06,1.19,29.3103,pre-market
BIIB,2022-03-31,2022-05-03,4.38,4.38,0,0,pre-market
BIIB,2021-12-31,2022-02-03,3.39,3.38,0.01,0.2959,pre-market
BIIB,2021-09-30,2021-10-20,4.77,4.09,0.68,16.6259,pre-market
BIIB,2021-06-30,2021-07-22,5.68,4.54,1.14,25.1101,pre-market
BIIB,2021-03-31,2021-04-22,5.34,5.04,0.3,5.9524,pre-market
BKNG,2023-12-31,2024-02-22,32,29.86,2.14,7.1668,post-market
BKNG,2023-09-30,2023-11-02,72.32,67.61,4.71,6.9664,post-market
BKNG,2023-06-30,2023-08-03,37.62,28.9,8.72,30.173,post-market
BKNG,2023-03-31,2023-05-04,11.6,10.61,0.99,9.3308,post-market
BKNG,2022-12-31,2023-02-23,24.74,22.23,2.51,11.291,post-market
BKNG,2022-09-30,2022-11-02,53.03,49.92,3.11,6.23,post-market
BKNG,2022-06-30,2022-08-03,19.08,17.48,1.6,9.1533,post-market
BKNG,2022-03-31,2022-05-04,3.9,0.9,3,333.3333,post-market
BKNG,2021-12-31,2022-02-23,15.83,13.68,2.15,15.7164,post-market
BKNG,2021-09-30,2021-11-03,37.7,32.9,4.8,14.5897,post-market
BKNG,2021-06-30,2021-08-04,-2.55,-2.04,-0.51,-25,post-market
BKNG,2021-03-31,2021-05-05,-5.26,-5.87,0.61,10.3918,post-market
AVGO,2023-10-31,2023-12-07,11.06,10.98,0.08,0.7286,post-market
AVGO,2023-07-31,2023-08-31,10.54,10.42,0.12,1.1516,post-market
AVGO,2023-04-30,2023-06-01,10.32,10.08,0.24,2.381,post-market
AVGO,2023-01-31,2023-03-02,10.33,10.1,0.23,2.2772,post-market
AVGO,2022-10-31,2022-12-08,10.45,10.28,0.17,1.6537,post-market
AVGO,2022-07-31,2022-09-01,9.73,9.56,0.17,1.7782,post-market
AVGO,2022-04-30,2022-05-26,9.07,8.71,0.36,4.1332,pre-market
AVGO,2022-01-31,2022-03-03,8.39,8.08,0.31,3.8366,post-market
AVGO,2021-10-31,2021-12-09,7.81,7.74,0.07,0.9044,post-market
AVGO,2021-07-31,2021-09-02,6.96,6.88,0.08,1.1628,post-market
AVGO,2021-04-30,2021-06-03,6.62,6.43,0.19,2.9549,post-market
AVGO,2021-01-31,2021-03-04,6.61,6.56,0.05,0.7622,post-market
CDNS,2023-12-31,2024-02-12,1.38,1.33,0.05,3.7594,post-market
CDNS,2023-09-30,2023-10-23,1.26,1.2,0.06,5,post-market
CDNS,2023-06-30,2023-07-24,1.22,1.18,0.04,3.3898,post-market
CDNS,2023-03-31,2023-04-24,1.29,1.26,0.03,2.381,post-market
CDNS,2022-12-31,2023-02-13,0.96,0.92,0.04,4.3478,post-market
CDNS,2022-09-30,2022-10-24,1.06,0.97,0.09,9.2784,post-market
CDNS,2022-06-30,2022-07-25,1.08,0.96,0.12,12.5,post-market
CDNS,2022-03-31,2022-04-25,1.17,1.02,0.15,14.7059,post-market
CDNS,2021-12-31,2022-02-22,0.82,0.76,0.06,7.8947,post-market
CDNS,2021-09-30,2021-10-25,0.8,0.75,0.05,6.6667,post-market
CDNS,2021-06-30,2021-07-26,0.86,0.76,0.1,13.1579,post-market
CDNS,2021-03-31,2021-04-26,0.83,0.75,0.08,10.6667,post-market
CDW,2023-12-31,2024-02-07,2.57,2.56,0.01,0.3906,pre-market
CDW,2023-09-30,2023-11-01,2.72,2.6,0.12,4.6154,pre-market
CDW,2023-06-30,2023-08-02,2.56,2.33,0.23,9.8712,pre-market
CDW,2023-03-31,2023-05-03,2.03,2.01,0.02,0.995,pre-market
CDW,2022-12-31,2023-02-08,2.5,2.48,0.02,0.8065,pre-market
CDW,2022-09-30,2022-11-02,2.6,2.52,0.08,3.1746,pre-market
CDW,2022-06-30,2022-08-03,2.49,2.42,0.07,2.8926,pre-market
CDW,2022-03-31,2022-05-04,2.2,2.01,0.19,9.4527,pre-market
CDW,2021-12-31,2022-02-09,2.08,1.93,0.15,7.772,pre-market
CDW,2021-09-30,2021-11-03,2.13,2.05,0.08,3.9024,pre-market
CDW,2021-06-30,2021-08-04,2.02,1.8,0.22,12.2222,pre-market
CDW,2021-03-31,2021-05-05,1.74,1.53,0.21,13.7255,pre-market
CHTR,2023-12-31,2024-02-02,7.07,8.73,-1.66,-19.0149,pre-market
CHTR,2023-09-30,2023-10-27,8.25,7.94,0.31,3.9043,pre-market
CHTR,2023-06-30,2023-07-28,8.05,7.96,0.09,1.1307,pre-market
CHTR,2023-03-31,2023-04-28,6.65,7.48,-0.83,-11.0963,pre-market
CHTR,2022-12-31,2023-01-27,7.69,8.79,-1.1,-12.5142,pre-market
CHTR,2022-09-30,2022-10-28,7.38,8.23,-0.85,-10.3281,pre-market
CHTR,2022-06-30,2022-07-29,8.8,6.89,1.91,27.7213,pre-market
CHTR,2022-03-31,2022-04-29,6.9,6.47,0.43,6.6461,pre-market
CHTR,2021-12-31,2022-01-28,8.93,6.89,2.04,29.6081,pre-market
CHTR,2021-09-30,2021-10-29,6.5,5.71,0.79,13.8354,pre-market
CHTR,2021-06-30,2021-07-30,5.29,4.78,0.51,10.6695,pre-market
CHTR,2021-03-31,2021-04-30,4.11,4.26,-0.15,-3.5211,pre-market
CTAS,2023-11-30,2023-12-21,3.61,3.49,0.12,3.4384,pre-market
CTAS,2023-08-31,2023-09-26,3.7,3.67,0.03,0.8174,pre-market
CTAS,2023-05-31,2023-07-13,3.33,3.19,0.14,4.3887,pre-market
CTAS,2023-02-28,2023-03-29,3.14,3.04,0.1,3.2895,pre-market
CTAS,2022-11-30,2022-12-21,3.12,3.03,0.09,2.9703,pre-market
CTAS,2022-08-31,2022-09-28,3.39,3.13,0.26,8.3067,pre-market
CTAS,2022-05-31,2022-07-14,2.81,2.67,0.14,5.2434,pre-market
CTAS,2022-02-28,2022-03-23,2.69,2.43,0.26,10.6996,pre-market
CTAS,2021-11-30,2021-12-22,2.76,2.65,0.11,4.1509,pre-market
CTAS,2021-08-31,2021-09-29,3.11,2.75,0.36,13.0909,pre-market
CTAS,2021-05-31,2021-07-15,2.47,2.3,0.17,7.3913,pre-market
CTAS,2021-02-28,2021-03-17,2.37,2.22,0.15,6.7568,pre-market
CSCO,2023-10-31,2023-11-15,1.11,1.03,0.08,7.767,post-market
CSCO,2023-07-31,2023-08-16,1.14,1.06,0.08,7.5472,post-market
CSCO,2023-04-30,2023-05-17,1,0.97,0.03,3.0928,post-market
CSCO,2023-01-31,2023-02-15,0.88,0.86,0.02,2.3256,post-market
CSCO,2022-10-31,2022-11-16,0.86,0.84,0.02,2.381,post-market
CSCO,2022-07-31,2022-08-17,0.83,0.82,0.01,1.2195,post-market
CSCO,2022-04-30,2022-05-18,0.87,0.86,0.01,1.1628,post-market
CSCO,2022-01-31,2022-02-16,0.84,0.81,0.03,3.7037,post-market
CSCO,2021-10-31,2021-11-17,0.82,0.8,0.02,2.5,post-market
CSCO,2021-07-31,2021-08-18,0.84,0.82,0.02,2.439,post-market
CSCO,2021-04-30,2021-05-19,0.83,0.82,0.01,1.2195,post-market
CSCO,2021-01-31,2021-02-08,0.79,0.76,0.03,3.9474,post-market
CCEP,2023-12-31,2024-02-23,0,0.86,-0.86,-100,pre-market
CCEP,2023-09-30,2023-11-01,0,1.07,-1.07,-100,pre-market
CCEP,2023-06-30,2023-08-02,1.85,0.97,0.88,90.7216,pre-market
CCEP,2023-03-31,2023-04-25,0.68,0.7,-0.02,-2.8571,pre-market
CCEP,2022-12-31,2023-02-16,0.77,0.78,-0.01,-1.2821,pre-market
CCEP,2022-09-30,2022-11-02,0.93,0.93,0,0,pre-market
CCEP,2022-06-30,2022-08-08,0.93,1.18,-0.25,-21.1864,post-market
CCEP,2022-03-31,2022-04-14,0.67,0.56,0.11,19.6429,pre-market
CCEP,2021-12-31,2022-02-16,0.81,0.8,0.01,1.25,pre-market
CCEP,2021-09-30,2021-11-09,0.95,0.92,0.03,3.2609,pre-market
CCEP,2021-06-30,2021-09-02,0.68,0.76,-0.08,-10.5263,pre-market
CCEP,2021-03-31,2021-05-11,0.32,0.1,0.22,220,pre-market
CTSH,2023-12-31,2024-02-06,1.18,1.04,0.14,13.4615,post-market
CTSH,2023-09-30,2023-11-01,1.16,1.09,0.07,6.422,post-market
CTSH,2023-06-30,2023-08-02,1.1,0.99,0.11,11.1111,post-market
CTSH,2023-03-31,2023-05-03,1.11,1.04,0.07,6.7308,post-market
CTSH,2022-12-31,2023-02-02,1.01,1.02,-0.01,-0.9804,post-market
CTSH,2022-09-30,2022-11-02,1.17,1.16,0.01,0.8621,post-market
CTSH,2022-06-30,2022-07-27,1.14,1.08,0.06,5.5556,post-market
CTSH,2022-03-31,2022-05-04,1.08,1.04,0.04,3.8462,post-market
CTSH,2021-12-31,2022-02-02,1.1,1.04,0.06,5.7692,post-market
CTSH,2021-09-30,2021-10-27,1.06,1.05,0.01,0.9524,post-market
CTSH,2021-06-30,2021-07-28,0.99,0.96,0.03,3.125,post-market
CTSH,2021-03-31,2021-05-05,0.97,0.94,0.03,3.1915,post-market
CMCSA,2023-12-31,2024-01-25,0.84,0.79,0.05,6.3291,pre-market
CMCSA,2023-09-30,2023-10-26,1.08,0.95,0.13,13.6842,pre-market
CMCSA,2023-06-30,2023-07-27,1.13,0.97,0.16,16.4948,pre-market
CMCSA,2023-03-31,2023-04-27,0.92,0.82,0.1,12.1951,pre-market
CMCSA,2022-12-31,2023-01-26,0.82,0.77,0.05,6.4935,pre-market
CMCSA,2022-09-30,2022-10-27,0.96,0.9,0.06,6.6667,pre-market
CMCSA,2022-06-30,2022-07-28,1.01,0.92,0.09,9.7826,pre-market
CMCSA,2022-03-31,2022-04-28,0.86,0.8,0.06,7.5,pre-market
CMCSA,2021-12-31,2022-01-27,0.77,0.73,0.04,5.4795,pre-market
CMCSA,2021-09-30,2021-10-28,0.87,0.75,0.12,16,pre-market
CMCSA,2021-06-30,2021-07-29,0.84,0.67,0.17,25.3731,pre-market
CMCSA,2021-03-31,2021-04-29,0.76,0.59,0.17,28.8136,pre-market
CEG,2023-12-31,2024-02-27,-0.11,1.92,-2.03,-105.7292,pre-market
CEG,2023-09-30,2023-11-06,2.26,1.42,0.84,59.1549,pre-market
CEG,2023-06-30,2023-08-03,2.56,0.73,1.83,250.6849,pre-market
CEG,2023-03-31,2023-05-04,0.29,0.88,-0.59,-67.0455,pre-market
CEG,2022-12-31,2023-02-16,0.1,1.24,-1.14,-91.9355,pre-market
CEG,2022-09-30,2022-11-08,-0.57,0.71,-1.28,-180.2817,pre-market
CEG,2022-06-30,2022-08-04,-0.34,0.54,-0.88,-162.963,pre-market
CEG,2022-03-31,2022-05-12,0.32,0.7,-0.38,-54.2857,pre-market
CEG,2021-12-31,2022-02-25,0.13,1.19,-1.06,-89.0756,post-market
CEG,2021-09-30,2021-12-01,0.06,0,0.06,None,pre-market
CPRT,2023-10-31,2023-11-16,0.34,0.33,0.01,3.0303,post-market
CPRT,2023-07-31,2023-09-14,0.34,0.32,0.02,6.25,post-market
CPRT,2023-04-30,2023-05-17,0.72,0.64,0.08,12.5,post-market
CPRT,2023-01-31,2023-02-20,0.61,0.57,0.04,7.0175,post-market
CPRT,2022-10-31,2022-11-16,0.51,0.56,-0.05,-8.9286,post-market
CPRT,2022-07-31,2022-09-07,0.56,0.55,0.01,1.8182,post-market
CPRT,2022-04-30,2022-05-18,0.59,0.57,0.02,3.5088,post-market
CPRT,2022-01-31,2022-02-16,0.55,0.54,0.01,1.8519,post-market
CPRT,2021-10-31,2021-11-17,0.54,0.51,0.03,5.8824,post-market
CPRT,2021-07-31,2021-09-08,0.52,0.46,0.06,13.0435,post-market
CPRT,2021-04-30,2021-05-19,0.55,0.4,0.15,37.5,post-market
CPRT,2021-01-31,2021-02-18,0.4,0.4,0,0,post-market
CSGP,2023-12-31,2024-02-20,0.33,0.32,0.01,3.125,post-market
CSGP,2023-09-30,2023-10-24,0.3,0.3,0,0,post-market
CSGP,2023-06-30,2023-07-25,0.31,0.3,0.01,3.3333,post-market
CSGP,2023-03-31,2023-04-25,0.29,0.25,0.04,16,post-market
CSGP,2022-12-31,2023-02-21,0.38,0.36,0.02,5.5556,post-market
CSGP,2022-09-30,2022-10-25,0.3,0.24,0.06,25,post-market
CSGP,2022-06-30,2022-07-26,0.28,0.21,0.07,33.3333,post-market
CSGP,2022-03-31,2022-04-26,0.31,0.27,0.04,14.8148,post-market
CSGP,2021-12-31,2022-02-22,0.35,0.29,0.06,20.6897,post-market
CSGP,2021-09-30,2021-10-26,0.25,0.23,0.02,8.6957,post-market
CSGP,2021-06-30,2021-07-27,0.26,0.23,0.03,13.0435,post-market
CSGP,2021-03-31,2021-04-27,0.28,0.24,0.04,16.6667,post-market
COST,2023-11-30,2023-12-14,3.58,3.42,0.16,4.6784,post-market
COST,2023-08-31,2023-09-26,4.86,4.79,0.07,1.4614,post-market
COST,2023-05-31,2023-05-25,2.93,3.3,-0.37,-11.2121,post-market
COST,2023-02-28,2023-05-25,2.93,3.29,-0.36,-10.9422,post-market
COST,2022-11-30,2022-12-08,3.1,3.11,-0.01,-0.3215,post-market
COST,2022-08-31,2022-09-22,4.2,4.17,0.03,0.7194,post-market
COST,2022-05-31,2022-05-26,3.04,3.03,0.01,0.33,pre-market
COST,2022-02-28,2022-05-26,3.17,3.03,0.14,4.6205,post-market
COST,2021-11-30,2021-12-09,2.98,2.64,0.34,12.8788,post-market
COST,2021-08-31,2021-09-23,3.9,3.57,0.33,9.2437,post-market
COST,2021-05-31,2021-05-27,2.75,None,None,None,pre-market
COST,2021-02-28,2021-05-27,2.75,2.34,0.41,17.5214,post-market
CRWD,2023-10-31,2023-11-28,0.82,0.74,0.08,10.8108,post-market
CRWD,2023-07-31,2023-08-30,0.74,0.56,0.18,32.1429,post-market
CRWD,2023-04-30,2023-05-31,0.57,0.51,0.06,11.7647,post-market
CRWD,2023-01-31,2023-03-07,0.47,0.43,0.04,9.3023,post-market
CRWD,2022-10-31,2022-11-29,0.4,0.31,0.09,29.0323,post-market
CRWD,2022-07-31,2022-08-30,0.36,0.28,0.08,28.5714,post-market
CRWD,2022-04-30,2022-06-02,0.31,0.23,0.08,34.7826,post-market
CRWD,2022-01-31,2022-03-09,0.3,0.2,0.1,50,post-market
CRWD,2021-10-31,2021-12-01,0.17,0.1,0.07,70,post-market
CRWD,2021-07-31,2021-08-31,0.11,0.09,0.02,22.2222,post-market
CRWD,2021-04-30,2021-06-03,0.1,0.06,0.04,66.6667,post-market
CRWD,2021-01-31,2021-03-16,0.13,0.08,0.05,62.5,post-market
CSX,2023-12-31,2024-01-24,0.45,0.44,0.01,2.2727,post-market
CSX,2023-09-30,2023-10-19,0.42,0.43,-0.01,-2.3256,post-market
CSX,2023-06-30,2023-07-20,0.49,0.49,0,0,post-market
CSX,2023-03-31,2023-04-20,0.48,0.43,0.05,11.6279,post-market
CSX,2022-12-31,2023-01-25,0.47,0.46,0.01,2.1739,post-market
CSX,2022-09-30,2022-10-20,0.51,0.49,0.02,4.0816,post-market
CSX,2022-06-30,2022-07-20,0.54,0.47,0.07,14.8936,post-market
CSX,2022-03-31,2022-04-20,0.39,0.37,0.02,5.4054,post-market
CSX,2021-12-31,2022-01-20,0.42,0.41,0.01,2.439,post-market
CSX,2021-09-30,2021-10-20,0.43,0.38,0.05,13.1579,post-market
CSX,2021-06-30,2021-07-21,0.39,0.37,0.02,5.4054,post-market
CSX,2021-03-31,2021-04-20,0.31,0.32,-0.01,-3.125,post-market
DDOG,2023-12-31,2024-02-13,0.55,0.44,0.11,25,pre-market
DDOG,2023-09-30,2023-11-07,0.45,0.34,0.11,32.3529,pre-market
DDOG,2023-06-30,2023-08-08,0.36,0.28,0.08,28.5714,pre-market
DDOG,2023-03-31,2023-05-04,0.28,0.24,0.04,16.6667,pre-market
DDOG,2022-12-31,2023-02-16,0.26,0.19,0.07,36.8421,pre-market
DDOG,2022-09-30,2022-11-03,0.23,0.16,0.07,43.75,pre-market
DDOG,2022-06-30,2022-08-04,0.24,0.15,0.09,60,pre-market
DDOG,2022-03-31,2022-05-05,0.24,0.12,0.12,100,pre-market
DDOG,2021-12-31,2022-02-10,0.2,0.12,0.08,66.6667,pre-market
DDOG,2021-09-30,2021-11-04,0.13,0.06,0.07,116.6667,post-market
DDOG,2021-06-30,2021-08-05,0.1,0.03,0.07,233.3333,pre-market
DDOG,2021-03-31,2021-05-06,0.06,0.03,0.03,100,post-market
DXCM,2023-12-31,2024-02-08,0.5,0.43,0.07,16.2791,post-market
DXCM,2023-09-30,2023-10-26,0.5,0.34,0.16,47.0588,post-market
DXCM,2023-06-30,2023-07-27,0.34,0.23,0.11,47.8261,post-market
DXCM,2023-03-31,2023-04-27,0.17,0.15,0.02,13.3333,post-market
DXCM,2022-12-31,2023-02-09,0.34,0.27,0.07,25.9259,post-market
DXCM,2022-09-30,2022-10-27,0.28,0.24,0.04,16.6667,post-market
DXCM,2022-06-30,2022-07-28,0.17,0.19,-0.02,-10.5263,post-market
DXCM,2022-03-31,2022-04-28,0.08,0.13,-0.05,-38.4615,post-market
DXCM,2021-12-31,2022-02-10,0.17,0.21,-0.04,-19.0476,post-market
DXCM,2021-09-30,2021-10-28,0.22,0.16,0.06,37.5,post-market
DXCM,2021-06-30,2021-07-29,0.19,0.11,0.08,72.7273,post-market
DXCM,2021-03-31,2021-04-29,0.08,0.07,0.01,14.2857,post-market
FANG,2023-12-31,2024-02-20,4.74,4.66,0.08,1.7167,post-market
FANG,2023-09-30,2023-11-06,5.49,5.01,0.48,9.5808,post-market
FANG,2023-06-30,2023-07-31,3.68,3.9,-0.22,-5.641,post-market
FANG,2023-03-31,2023-05-01,4.1,4.33,-0.23,-5.3118,post-market
FANG,2022-12-31,2023-02-21,5.29,5.22,0.07,1.341,post-market
FANG,2022-09-30,2022-11-07,6.48,6.33,0.15,2.3697,post-market
FANG,2022-06-30,2022-08-01,7.07,6.58,0.49,7.4468,post-market
FANG,2022-03-31,2022-05-02,5.2,4.52,0.68,15.0442,post-market
FANG,2021-12-31,2022-02-22,3.63,3.38,0.25,7.3964,post-market
FANG,2021-09-30,2021-11-01,2.94,2.77,0.17,6.1372,post-market
FANG,2021-06-30,2021-08-02,2.4,2.19,0.21,9.589,post-market
FANG,2021-03-31,2021-05-03,2.3,1.8,0.5,27.7778,post-market
DLTR,2023-10-31,2023-11-29,1.02,1.01,0.01,0.9901,pre-market
DLTR,2023-07-31,2023-08-24,0.91,0.87,0.04,4.5977,pre-market
DLTR,2023-04-30,2023-05-25,1.47,1.52,-0.05,-3.2895,pre-market
DLTR,2023-01-31,2023-03-01,2.04,2.02,0.02,0.9901,pre-market
DLTR,2022-10-31,2022-11-22,1.2,1.18,0.02,1.6949,pre-market
DLTR,2022-07-31,2022-08-25,1.6,1.59,0.01,0.6289,pre-market
DLTR,2022-04-30,2022-05-26,2.37,2,0.37,18.5,pre-market
DLTR,2022-01-31,2022-03-02,2.01,1.77,0.24,13.5593,pre-market
DLTR,2021-10-31,2021-11-23,0.96,0.96,0,0,pre-market
DLTR,2021-07-31,2021-08-26,1.23,1,0.23,23,pre-market
DLTR,2021-04-30,2021-05-27,1.6,1.4,0.2,14.2857,pre-market
DLTR,2021-01-31,2021-03-03,2.13,2.11,0.02,0.9479,pre-market
DASH,2023-12-31,2024-02-15,-0.39,-0.16,-0.23,-143.75,post-market
DASH,2023-09-30,2023-11-01,-0.19,-0.4,0.21,52.5,post-market
DASH,2023-06-30,2023-08-02,-0.44,-0.41,-0.03,-7.3171,post-market
DASH,2023-03-31,2023-05-04,-0.41,-0.58,0.17,29.3103,post-market
DASH,2022-12-31,2023-02-16,-1.65,-0.68,-0.97,-142.6471,post-market
DASH,2022-09-30,2022-11-03,-0.77,-0.6,-0.17,-28.3333,post-market
DASH,2022-06-30,2022-08-04,-0.72,-0.41,-0.31,-75.6098,post-market
DASH,2022-03-31,2022-05-05,-0.48,-0.41,-0.07,-17.0732,post-market
DASH,2021-12-31,2022-02-16,-0.45,-0.25,-0.2,-80,post-market
DASH,2021-09-30,2021-11-09,-0.3,-0.26,-0.04,-15.3846,post-market
DASH,2021-06-30,2021-08-12,-0.3,-0.2,-0.1,-50,post-market
DASH,2021-03-31,2021-05-13,-0.34,-0.26,-0.08,-30.7692,post-market
EA,2023-12-31,2024-01-30,2.96,2.93,0.03,1.0239,post-market
EA,2023-09-30,2023-11-01,1.46,1.25,0.21,16.8,post-market
EA,2023-06-30,2023-08-01,1.14,1.02,0.12,11.7647,post-market
EA,2023-03-31,2023-05-09,1.78,1.31,0.47,35.8779,post-market
EA,2022-12-31,2023-01-31,2.8,3.05,-0.25,-8.1967,post-market
EA,2022-09-30,2022-11-01,1.45,1.37,0.08,5.8394,post-market
EA,2022-06-30,2022-08-02,0.47,0.28,0.19,67.8571,post-market
EA,2022-03-31,2022-05-10,1.46,1.43,0.03,2.0979,post-market
EA,2021-12-31,2022-02-01,3.2,3.22,-0.02,-0.6211,post-market
EA,2021-09-30,2021-11-03,1.58,1.17,0.41,35.0427,post-market
EA,2021-06-30,2021-08-04,0.79,0.67,0.12,17.9104,post-market
EA,2021-03-31,2021-05-11,1.23,1.05,0.18,17.1429,post-market
EXC,2023-12-31,2024-02-21,0.6,0.58,0.02,3.4483,pre-market
EXC,2023-09-30,2023-11-02,0.67,0.67,0,0,pre-market
EXC,2023-06-30,2023-08-02,0.41,0.41,0,0,pre-market
EXC,2023-03-31,2023-05-03,0.7,0.66,0.04,6.0606,pre-market
EXC,2022-12-31,2023-02-14,0.43,0.43,0,0,pre-market
EXC,2022-09-30,2022-11-03,0.75,0.7,0.05,7.1429,pre-market
EXC,2022-06-30,2022-08-03,0.44,0.46,-0.02,-4.3478,pre-market
EXC,2022-03-31,2022-05-09,0.64,0.66,-0.02,-3.0303,pre-market
EXC,2021-12-31,2022-02-25,0.9,0.87,0.03,3.4483,post-market
EXC,2021-09-30,2021-11-03,1.09,1.09,0,0,pre-market
EXC,2021-06-30,2021-08-04,0.89,0.68,0.21,30.8824,pre-market
EXC,2021-03-31,2021-05-05,-0.06,0.36,-0.42,-116.6667,pre-market
FAST,2023-12-31,2024-01-18,0.46,0.45,0.01,2.2222,pre-market
FAST,2023-09-30,2023-10-12,0.52,0.5,0.02,4,pre-market
FAST,2023-06-30,2023-07-13,0.52,0.53,-0.01,-1.8868,pre-market
FAST,2023-03-31,2023-04-13,0.52,0.5,0.02,4,pre-market
FAST,2022-12-31,2023-01-19,0.43,0.42,0.01,2.381,pre-market
FAST,2022-09-30,2022-10-13,0.5,0.48,0.02,4.1667,pre-market
FAST,2022-06-30,2022-07-13,0.5,0.5,0,0,pre-market
FAST,2022-03-31,2022-04-13,0.47,0.45,0.02,4.4444,pre-market
FAST,2021-12-31,2022-01-19,0.4,0.38,0.02,5.2632,pre-market
FAST,2021-09-30,2021-10-12,0.42,0.42,0,0,pre-market
FAST,2021-06-30,2021-07-13,0.42,0.41,0.01,2.439,pre-market
FAST,2021-03-31,2021-04-13,0.37,0.36,0.01,2.7778,pre-market
FTNT,2023-12-31,2024-02-06,0.51,0.43,0.08,18.6047,post-market
FTNT,2023-09-30,2023-11-02,0.41,0.36,0.05,13.8889,post-market
FTNT,2023-06-30,2023-08-03,0.38,0.34,0.04,11.7647,post-market
FTNT,2023-03-31,2023-05-04,0.34,0.29,0.05,17.2414,post-market
FTNT,2022-12-31,2023-02-07,0.44,0.39,0.05,12.8205,post-market
FTNT,2022-09-30,2022-11-02,0.33,0.27,0.06,22.2222,post-market
FTNT,2022-06-30,2022-08-03,0.24,0.22,0.02,9.0909,post-market
FTNT,2022-03-31,2022-05-04,0.19,0.16,0.03,18.75,post-market
FTNT,2021-12-31,2022-02-03,0.25,0.23,0.02,8.6957,post-market
FTNT,2021-09-30,2021-11-04,0.2,0.19,0.01,5.2632,post-market
FTNT,2021-06-30,2021-07-29,0.19,0.18,0.01,5.5556,post-market
FTNT,2021-03-31,2021-04-29,0.16,0.15,0.01,6.6667,post-market
GEHC,2023-12-31,2024-02-06,1.18,1.07,0.11,10.2804,pre-market
GEHC,2023-09-30,2023-10-31,0.99,0.9,0.09,10,pre-market
GEHC,2023-06-30,2023-07-25,0.92,0.87,0.05,5.7471,pre-market
GEHC,2023-03-31,2023-04-25,0.85,0.79,0.06,7.5949,pre-market
GEHC,2022-12-31,2023-01-30,1.31,1.06,0.25,23.5849,pre-market
GEHC,2022-09-30,2022-12-08,1.11,0,1.11,None,post-market
GEHC,2022-06-30,2022-09-13,2.56,0,2.56,None,pre-market
GILD,2023-12-31,2024-02-06,1.72,1.76,-0.04,-2.2727,post-market
GILD,2023-09-30,2023-11-07,2.29,1.92,0.37,19.2708,post-market
GILD,2023-06-30,2023-08-03,1.66,1.64,0.02,1.2195,post-market
GILD,2023-03-31,2023-04-27,1.37,1.54,-0.17,-11.039,post-market
GILD,2022-12-31,2023-02-02,1.67,1.5,0.17,11.3333,post-market
GILD,2022-09-30,2022-10-27,1.9,1.43,0.47,32.8671,post-market
GILD,2022-06-30,2022-08-02,1.58,1.52,0.06,3.9474,post-market
GILD,2022-03-31,2022-04-28,2.12,1.81,0.31,17.1271,post-market
GILD,2021-12-31,2022-02-01,0.69,1.59,-0.9,-56.6038,post-market
GILD,2021-09-30,2021-10-28,2.65,1.75,0.9,51.4286,post-market
GILD,2021-06-30,2021-07-29,1.87,1.73,0.14,8.0925,post-market
GILD,2021-03-31,2021-04-29,2.08,2.09,-0.01,-0.4785,post-market
GFS,2023-12-31,2024-02-13,0.64,0.58,0.06,10.3448,pre-market
GFS,2023-09-30,2023-11-07,0.55,0.49,0.06,12.2449,pre-market
GFS,2023-06-30,2023-08-08,0.53,0.5,0.03,6,pre-market
GFS,2023-03-31,2023-05-09,0.52,0.49,0.03,6.1224,pre-market
GFS,2022-12-31,2023-02-14,1.44,1.18,0.26,22.0339,pre-market
GFS,2022-09-30,2022-11-08,0.67,0.62,0.05,8.0645,pre-market
GFS,2022-06-30,2022-08-09,0.58,0.45,0.13,28.8889,pre-market
GFS,2022-03-31,2022-05-10,0.42,0.23,0.19,82.6087,post-market
GFS,2021-12-31,2022-02-08,0.18,0.11,0.07,63.6364,post-market
GFS,2021-09-30,2021-11-30,0.07,-0.0037,0.0737,1991.8919,post-market
GFS,2021-06-30,2021-09-01,-0.06,0,-0.06,None,pre-market
HON,2023-12-31,2024-02-01,2.6,2.59,0.01,0.3861,pre-market
HON,2023-09-30,2023-10-26,2.27,2.23,0.04,1.7937,pre-market
HON,2023-06-30,2023-07-27,2.23,2.21,0.02,0.905,pre-market
HON,2023-03-31,2023-04-27,2.07,1.93,0.14,7.2539,pre-market
HON,2022-12-31,2023-02-02,2.52,2.51,0.01,0.3984,pre-market
HON,2022-09-30,2022-10-27,2.25,2.16,0.09,4.1667,pre-market
HON,2022-06-30,2022-07-28,2.1,2.03,0.07,3.4483,pre-market
HON,2022-03-31,2022-04-29,1.91,1.86,0.05,2.6882,pre-market
HON,2021-12-31,2022-02-03,2.09,2.08,0.01,0.4808,pre-market
HON,2021-09-30,2021-10-22,2.02,1.99,0.03,1.5075,pre-market
HON,2021-06-30,2021-07-23,2.02,1.94,0.08,4.1237,pre-market
HON,2021-03-31,2021-04-23,1.92,1.8,0.12,6.6667,pre-market
IDXX,2023-12-31,2024-02-05,2.32,2.12,0.2,9.434,post-market
IDXX,2023-09-30,2023-11-01,2.53,2.37,0.16,6.7511,pre-market
IDXX,2023-06-30,2023-08-01,2.67,2.47,0.2,8.0972,pre-market
IDXX,2023-03-31,2023-05-02,2.55,2.42,0.13,5.3719,pre-market
IDXX,2022-12-31,2023-02-06,2.05,1.94,0.11,5.6701,pre-market
IDXX,2022-09-30,2022-11-01,2.15,2.04,0.11,5.3922,pre-market
IDXX,2022-06-30,2022-08-02,1.56,1.56,0,0,pre-market
IDXX,2022-03-31,2022-05-04,2.27,2.26,0.01,0.4425,pre-market
IDXX,2021-12-31,2022-02-02,1.89,1.71,0.18,10.5263,pre-market
IDXX,2021-09-30,2021-11-02,2.03,1.91,0.12,6.2827,pre-market
IDXX,2021-06-30,2021-07-30,2.34,2.02,0.32,15.8416,pre-market
IDXX,2021-03-31,2021-05-04,2.35,1.72,0.63,36.6279,pre-market
ILMN,2023-12-31,2024-02-08,0.14,0.02,0.12,600,post-market
ILMN,2023-09-30,2023-11-09,0.33,0.12,0.21,175,post-market
ILMN,2023-06-30,2023-08-09,0.32,0.02,0.3,1500,post-market
ILMN,2023-03-31,2023-04-25,0.08,0.03,0.05,166.6667,post-market
ILMN,2022-12-31,2023-02-07,0.14,0.1,0.04,40,post-market
ILMN,2022-09-30,2022-11-03,0.34,0.3,0.04,13.3333,post-market
ILMN,2022-06-30,2022-08-11,0.57,0.65,-0.08,-12.3077,post-market
ILMN,2022-03-31,2022-05-05,1.07,0.9,0.17,18.8889,post-market
ILMN,2021-12-31,2022-02-10,0.75,0.49,0.26,53.0612,post-market
ILMN,2021-09-30,2021-11-04,1.45,1.14,0.31,27.193,post-market
ILMN,2021-06-30,2021-08-05,1.87,1.36,0.51,37.5,post-market
ILMN,2021-03-31,2021-04-27,1.89,1.38,0.51,36.9565,post-market
INTC,2023-12-31,2024-01-25,0.54,0.45,0.09,20,post-market
INTC,2023-09-30,2023-10-26,0.41,0.22,0.19,86.3636,post-market
INTC,2023-06-30,2023-07-27,0.13,-0.03,0.16,533.3333,post-market
INTC,2023-03-31,2023-04-27,-0.04,-0.15,0.11,73.3333,post-market
INTC,2022-12-31,2023-01-26,0.1,0.2,-0.1,-50,post-market
INTC,2022-09-30,2022-10-27,0.59,0.32,0.27,84.375,post-market
INTC,2022-06-30,2022-07-28,0.29,0.7,-0.41,-58.5714,post-market
INTC,2022-03-31,2022-04-28,0.87,0.81,0.06,7.4074,post-market
INTC,2021-12-31,2022-01-26,1.09,0.91,0.18,19.7802,post-market
INTC,2021-09-30,2021-10-21,1.71,1.11,0.6,54.0541,post-market
INTC,2021-06-30,2021-07-22,1.28,1.06,0.22,20.7547,post-market
INTC,2021-03-31,2021-04-22,1.39,1.15,0.24,20.8696,post-market
INTU,2023-10-31,2023-11-28,2.47,1.98,0.49,24.7475,post-market
INTU,2023-07-31,2023-08-24,1.65,1.44,0.21,14.5833,post-market
INTU,2023-04-30,2023-05-23,8.92,8.48,0.44,5.1887,post-market
INTU,2023-01-31,2023-02-23,2.2,1.44,0.76,52.7778,post-market
INTU,2022-10-31,2022-11-29,1.66,1.22,0.44,36.0656,post-market
INTU,2022-07-31,2022-08-23,1.1,0.98,0.12,12.2449,post-market
INTU,2022-04-30,2022-05-24,7.65,7.58,0.07,0.9235,post-market
INTU,2022-01-31,2022-02-24,1.55,1.85,-0.3,-16.2162,post-market
INTU,2021-10-31,2021-11-18,1.53,0.97,0.56,57.732,post-market
INTU,2021-07-31,2021-08-24,1.97,1.59,0.38,23.8994,post-market
INTU,2021-04-30,2021-05-25,6.07,6.47,-0.4,-6.1824,post-market
INTU,2021-01-31,2021-02-23,0.68,0.91,-0.23,-25.2747,post-market
ISRG,2023-12-31,2024-01-23,1.6,1.48,0.12,8.1081,post-market
ISRG,2023-09-30,2023-10-19,1.46,1.41,0.05,3.5461,post-market
ISRG,2023-06-30,2023-07-20,1.42,1.33,0.09,6.7669,post-market
ISRG,2023-03-31,2023-04-18,1.23,1.2,0.03,2.5,post-market
ISRG,2022-12-31,2023-01-24,1.23,1.25,-0.02,-1.6,post-market
ISRG,2022-09-30,2022-10-18,1.19,1.12,0.07,6.25,post-market
ISRG,2022-06-30,2022-07-21,1.14,1.19,-0.05,-4.2017,post-market
ISRG,2022-03-31,2022-04-21,1.13,1.08,0.05,4.6296,post-market
ISRG,2021-12-31,2022-01-20,1.3,1.28,0.02,1.5625,post-market
ISRG,2021-09-30,2021-10-19,1.19,1.17,0.02,1.7094,post-market
ISRG,2021-06-30,2021-07-20,1.31,1.02,0.29,28.4314,post-market
ISRG,2021-03-31,2021-04-20,1.17,0.88,0.29,32.9545,post-market
KDP,2023-12-31,2024-02-22,0.55,0.54,0.01,1.8519,pre-market
KDP,2023-09-30,2023-10-26,0.48,0.47,0.01,2.1277,pre-market
KDP,2023-06-30,2023-07-27,0.42,0.4,0.02,5,pre-market
KDP,2023-03-31,2023-04-27,0.34,0.33,0.01,3.0303,pre-market
KDP,2022-12-31,2023-02-23,0.5,0.5,0,0,pre-market
KDP,2022-09-30,2022-10-27,0.46,0.46,0,0,pre-market
KDP,2022-06-30,2022-07-28,0.39,0.39,0,0,pre-market
KDP,2022-03-31,2022-04-28,0.33,0.33,0,0,pre-market
KDP,2021-12-31,2022-02-24,0.45,0.45,0,0,pre-market
KDP,2021-09-30,2021-10-28,0.44,0.44,0,0,pre-market
KDP,2021-06-30,2021-07-29,0.38,0.37,0.01,2.7027,pre-market
KDP,2021-03-31,2021-04-29,0.33,0.32,0.01,3.125,pre-market
KLAC,2023-12-31,2024-01-25,6.16,5.91,0.25,4.2301,post-market
KLAC,2023-09-30,2023-10-25,5.74,5.41,0.33,6.0998,post-market
KLAC,2023-06-30,2023-07-27,5.4,4.85,0.55,11.3402,post-market
KLAC,2023-03-31,2023-04-26,5.49,5.32,0.17,3.1955,post-market
KLAC,2022-12-31,2023-01-26,7.38,7.1,0.28,3.9437,post-market
KLAC,2022-09-30,2022-10-26,7.06,6.21,0.85,13.6876,post-market
KLAC,2022-06-30,2022-07-28,5.81,5.5,0.31,5.6364,post-market
KLAC,2022-03-31,2022-04-28,5.13,4.82,0.31,6.4315,post-market
KLAC,2021-12-31,2022-01-27,5.59,5.45,0.14,2.5688,post-market
KLAC,2021-09-30,2021-10-27,4.64,4.52,0.12,2.6549,post-market
KLAC,2021-06-30,2021-07-29,4.43,3.99,0.44,11.0276,post-market
KLAC,2021-03-31,2021-04-29,3.85,3.62,0.23,6.3536,post-market
KHC,2023-12-31,2024-02-14,0.78,0.77,0.01,1.2987,pre-market
KHC,2023-09-30,2023-11-01,0.72,0.66,0.06,9.0909,pre-market
KHC,2023-06-30,2023-08-02,0.79,0.76,0.03,3.9474,pre-market
KHC,2023-03-31,2023-05-03,0.68,0.6,0.08,13.3333,pre-market
KHC,2022-12-31,2023-02-15,0.85,0.78,0.07,8.9744,pre-market
KHC,2022-09-30,2022-10-26,0.63,0.56,0.07,12.5,pre-market
KHC,2022-06-30,2022-07-27,0.7,0.68,0.02,2.9412,pre-market
KHC,2022-03-31,2022-04-27,0.6,0.53,0.07,13.2075,pre-market
KHC,2021-12-31,2022-02-16,0.79,0.63,0.16,25.3968,pre-market
KHC,2021-09-30,2021-10-27,0.65,0.58,0.07,12.069,pre-market
KHC,2021-06-30,2021-08-04,0.78,0.72,0.06,8.3333,pre-market
KHC,2021-03-31,2021-04-29,0.72,0.59,0.13,22.0339,pre-market
LRCX,2023-12-31,2024-01-24,7.52,7.1,0.42,5.9155,post-market
LRCX,2023-09-30,2023-10-18,6.85,6.12,0.73,11.9281,post-market
LRCX,2023-06-30,2023-07-26,5.98,5.07,0.91,17.9487,post-market
LRCX,2023-03-31,2023-04-19,6.99,6.54,0.45,6.8807,post-market
LRCX,2022-12-31,2023-01-25,10.71,9.96,0.75,7.5301,post-market
LRCX,2022-09-30,2022-10-19,10.42,9.54,0.88,9.2243,post-market
LRCX,2022-06-30,2022-07-27,8.83,7.32,1.51,20.6284,post-market
LRCX,2022-03-31,2022-04-20,7.4,7.51,-0.11,-1.4647,post-market
LRCX,2021-12-31,2022-01-26,8.53,8.51,0.02,0.235,post-market
LRCX,2021-09-30,2021-10-20,8.36,8.21,0.15,1.827,post-market
LRCX,2021-06-30,2021-07-28,8.09,7.55,0.54,7.1523,post-market
LRCX,2021-03-31,2021-04-21,7.49,6.62,0.87,13.142,post-market
LIN,2023-12-31,2024-02-06,3.59,3.49,0.1,2.8653,pre-market
LIN,2023-09-30,2023-10-26,3.63,3.57,0.06,1.6807,pre-market
LIN,2023-06-30,2023-07-27,3.57,3.48,0.09,2.5862,pre-market
LIN,2023-03-31,2023-04-27,3.42,3.13,0.29,9.2652,pre-market
LIN,2022-12-31,2023-02-07,3.16,2.91,0.25,8.5911,pre-market
LIN,2022-09-30,2022-10-27,3.1,2.93,0.17,5.802,pre-market
LIN,2022-06-30,2022-07-28,3.1,2.96,0.14,4.7297,pre-market
LIN,2022-03-31,2022-04-28,2.93,2.78,0.15,5.3957,pre-market
LIN,2021-12-31,2022-02-10,2.77,2.67,0.1,3.7453,pre-market
LIN,2021-09-30,2021-10-28,2.73,2.66,0.07,2.6316,pre-market
LIN,2021-06-30,2021-07-30,2.7,2.54,0.16,6.2992,pre-market
LIN,2021-03-31,2021-05-06,2.49,2.26,0.23,10.177,pre-market
LULU,2023-10-31,2023-12-07,2.53,2.28,0.25,10.9649,post-market
LULU,2023-07-31,2023-08-31,2.68,2.54,0.14,5.5118,post-market
LULU,2023-04-30,2023-06-01,2.28,1.98,0.3,15.1515,post-market
LULU,2023-01-31,2023-03-28,4.4,4.26,0.14,3.2864,post-market
LULU,2022-10-31,2022-12-08,2,1.97,0.03,1.5228,post-market
LULU,2022-07-31,2022-09-01,2.2,1.87,0.33,17.6471,post-market
LULU,2022-04-30,2022-06-02,1.48,1.43,0.05,3.4965,post-market
LULU,2022-01-31,2022-03-29,3.37,3.28,0.09,2.7439,post-market
LULU,2021-10-31,2021-12-09,1.62,1.41,0.21,14.8936,post-market
LULU,2021-07-31,2021-09-08,1.65,1.19,0.46,38.6555,post-market
LULU,2021-04-30,2021-06-03,1.16,0.91,0.25,27.4725,post-market
LULU,2021-01-31,2021-03-30,2.58,2.49,0.09,3.6145,post-market
MAR,2023-12-31,2024-02-13,3.57,2.12,1.45,68.3962,pre-market
MAR,2023-09-30,2023-11-02,2.11,2.11,0,0,pre-market
MAR,2023-06-30,2023-08-01,2.26,2.18,0.08,3.6697,pre-market
MAR,2023-03-31,2023-05-02,2.09,1.84,0.25,13.587,pre-market
MAR,2022-12-31,2023-02-14,1.96,1.83,0.13,7.1038,pre-market
MAR,2022-09-30,2022-11-03,1.69,1.68,0.01,0.5952,pre-market
MAR,2022-06-30,2022-08-02,1.8,1.56,0.24,15.3846,pre-market
MAR,2022-03-31,2022-05-04,1.25,0.9,0.35,38.8889,pre-market
MAR,2021-12-31,2022-02-15,1.3,0.99,0.31,31.3131,pre-market
MAR,2021-09-30,2021-11-03,0.99,0.98,0.01,1.0204,pre-market
MAR,2021-06-30,2021-08-03,0.79,0.45,0.34,75.5556,pre-market
MAR,2021-03-31,2021-05-10,0.1,0.03,0.07,233.3333,pre-market
MRVL,2023-10-31,2023-11-30,0.41,0.4,0.01,2.5,post-market
MRVL,2023-07-31,2023-08-24,0.33,0.32,0.01,3.125,post-market
MRVL,2023-04-30,2023-05-25,0.31,0.29,0.02,6.8966,post-market
MRVL,2023-01-31,2023-03-02,0.46,0.47,-0.01,-2.1277,post-market
MRVL,2022-10-31,2022-12-01,0.57,0.59,-0.02,-3.3898,post-market
MRVL,2022-07-31,2022-08-25,0.57,0.56,0.01,1.7857,post-market
MRVL,2022-04-30,2022-05-26,0.52,0.51,0.01,1.9608,post-market
MRVL,2022-01-31,2022-03-03,0.5,0.48,0.02,4.1667,post-market
MRVL,2021-10-31,2021-12-02,0.43,0.39,0.04,10.2564,post-market
MRVL,2021-07-31,2021-08-26,0.34,0.31,0.03,9.6774,post-market
MRVL,2021-04-30,2021-06-07,0.29,0.27,0.02,7.4074,post-market
MRVL,2021-01-31,2021-03-03,0.29,0.29,0,0,post-market
MELI,2023-12-31,2024-02-22,3.25,7.08,-3.83,-54.096,post-market
MELI,2023-09-30,2023-11-01,7.16,5.86,1.3,22.1843,post-market
MELI,2023-06-30,2023-08-02,5.16,4.54,0.62,13.6564,post-market
MELI,2023-03-31,2023-05-03,3.97,2.8,1.17,41.7857,post-market
MELI,2022-12-31,2023-02-23,3.25,2.4,0.85,35.4167,post-market
MELI,2022-09-30,2022-11-03,2.56,2.43,0.13,5.3498,post-market
MELI,2022-06-30,2022-08-03,2.43,1.8,0.63,35,post-market
MELI,2022-03-31,2022-05-05,1.3,1.36,-0.06,-4.4118,post-market
MELI,2021-12-31,2022-02-22,-0.75,0.99,-1.74,-175.7576,post-market
MELI,2021-09-30,2021-11-04,1.92,1.29,0.63,48.8372,post-market
MELI,2021-06-30,2021-08-04,1.37,0.19,1.18,621.0526,post-market
MELI,2021-03-31,2021-05-05,-0.68,-0.01,-0.67,-6700,post-market
META,2023-12-31,2024-02-01,5.33,4.96,0.37,7.4597,post-market
META,2023-09-30,2023-10-25,4.39,3.63,0.76,20.9366,post-market
META,2023-06-30,2023-07-26,2.98,2.92,0.06,2.0548,post-market
META,2023-03-31,2023-04-26,2.2,2.03,0.17,8.3744,post-market
META,2022-12-31,2023-02-01,1.76,2.22,-0.46,-20.7207,post-market
META,2022-09-30,2022-10-26,1.64,1.89,-0.25,-13.2275,post-market
META,2022-06-30,2022-07-27,2.46,2.59,-0.13,-5.0193,post-market
META,2022-03-31,2022-04-27,2.72,2.56,0.16,6.25,post-market
META,2021-12-31,2022-02-02,3.67,3.84,-0.17,-4.4271,post-market
META,2021-09-30,2021-10-25,3.22,3.19,0.03,0.9404,post-market
META,2021-06-30,2021-07-28,3.61,3.03,0.58,19.1419,post-market
META,2021-03-31,2021-04-28,3.3,2.37,0.93,39.2405,post-market
MCHP,2023-12-31,2024-02-01,1.08,1.04,0.04,3.8462,post-market
MCHP,2023-09-30,2023-11-02,1.62,1.62,0,0,post-market
MCHP,2023-06-30,2023-08-03,1.64,1.64,0,0,post-market
MCHP,2023-03-31,2023-05-04,1.64,1.62,0.02,1.2346,post-market
MCHP,2022-12-31,2023-02-02,1.56,1.55,0.01,0.6452,post-market
MCHP,2022-09-30,2022-11-03,1.46,1.44,0.02,1.3889,post-market
MCHP,2022-06-30,2022-08-02,1.37,1.34,0.03,2.2388,post-market
MCHP,2022-03-31,2022-05-09,1.35,1.25,0.1,8,post-market
MCHP,2021-12-31,2022-02-03,1.2,1.17,0.03,2.5641,post-market
MCHP,2021-09-30,2021-11-04,1.07,1.06,0.01,0.9434,post-market
MCHP,2021-06-30,2021-08-03,0.99,0.95,0.04,4.2105,post-market
MCHP,2021-03-31,2021-05-06,0.93,0.87,0.06,6.8966,post-market
MU,2023-11-30,2023-12-20,-0.95,-0.97,0.02,2.0619,post-market
MU,2023-08-31,2023-09-27,-1.07,-1.18,0.11,9.322,post-market
MU,2023-05-31,2023-06-28,-1.43,-1.58,0.15,9.4937,post-market
MU,2023-02-28,2023-03-28,-1.91,-0.86,-1.05,-122.093,post-market
MU,2022-11-30,2022-12-21,-0.04,-0.01,-0.03,-300,post-market
MU,2022-08-31,2022-09-29,1.45,1.3,0.15,11.5385,post-market
MU,2022-05-31,2022-06-30,2.59,2.43,0.16,6.5844,post-market
MU,2022-02-28,2022-03-29,2.14,1.97,0.17,8.6294,post-market
MU,2021-11-30,2021-12-20,2.16,2.11,0.05,2.3697,post-market
MU,2021-08-31,2021-09-28,2.42,2.33,0.09,3.8627,post-market
MU,2021-05-31,2021-06-30,1.88,1.72,0.16,9.3023,post-market
MU,2021-02-28,2021-03-31,0.98,0.95,0.03,3.1579,post-market
MSFT,2023-12-31,2024-01-30,2.93,2.78,0.15,5.3957,post-market
MSFT,2023-09-30,2023-10-24,2.99,2.65,0.34,12.8302,post-market
MSFT,2023-06-30,2023-07-25,2.69,2.55,0.14,5.4902,post-market
MSFT,2023-03-31,2023-04-25,2.45,2.23,0.22,9.8655,post-market
MSFT,2022-12-31,2023-01-24,2.32,2.29,0.03,1.31,post-market
MSFT,2022-09-30,2022-10-25,2.35,2.3,0.05,2.1739,post-market
MSFT,2022-06-30,2022-07-26,2.23,2.29,-0.06,-2.6201,post-market
MSFT,2022-03-31,2022-04-26,2.22,2.19,0.03,1.3699,post-market
MSFT,2021-12-31,2022-01-25,2.48,2.31,0.17,7.3593,post-market
MSFT,2021-09-30,2021-10-26,2.27,2.07,0.2,9.6618,post-market
MSFT,2021-06-30,2021-07-27,2.17,1.92,0.25,13.0208,post-market
MSFT,2021-03-31,2021-04-27,1.95,1.78,0.17,9.5506,post-market
MRNA,2023-12-31,2024-02-22,0.55,-0.97,1.52,156.701,pre-market
MRNA,2023-09-30,2023-11-02,-9.53,-1.93,-7.6,-393.7824,pre-market
MRNA,2023-06-30,2023-08-03,-3.62,-4.04,0.42,10.396,pre-market
MRNA,2023-03-31,2023-05-04,0.19,-1.77,1.96,110.7345,pre-market
MRNA,2022-12-31,2023-02-23,3.61,4.68,-1.07,-22.8632,pre-market
MRNA,2022-09-30,2022-11-03,2.53,3.29,-0.76,-23.1003,pre-market
MRNA,2022-06-30,2022-08-03,5.24,4.55,0.69,15.1648,pre-market
MRNA,2022-03-31,2022-05-04,8.58,5.21,3.37,64.6833,pre-market
MRNA,2021-12-31,2022-02-24,11.29,9.9,1.39,14.0404,pre-market
MRNA,2021-09-30,2021-11-04,7.7,9.05,-1.35,-14.9171,pre-market
MRNA,2021-06-30,2021-08-05,6.46,5.96,0.5,8.3893,pre-market
MRNA,2021-03-31,2021-05-06,2.84,2.39,0.45,18.8285,pre-market
MDLZ,2023-12-31,2024-01-30,0.84,0.78,0.06,7.6923,post-market
MDLZ,2023-09-30,2023-11-01,0.82,0.79,0.03,3.7975,post-market
MDLZ,2023-06-30,2023-07-27,0.76,0.69,0.07,10.1449,post-market
MDLZ,2023-03-31,2023-04-27,0.89,0.8,0.09,11.25,post-market
MDLZ,2022-12-31,2023-01-31,0.73,0.7,0.03,4.2857,post-market
MDLZ,2022-09-30,2022-11-01,0.74,0.69,0.05,7.2464,post-market
MDLZ,2022-06-30,2022-07-26,0.67,0.64,0.03,4.6875,post-market
MDLZ,2022-03-31,2022-04-26,0.84,0.74,0.1,13.5135,post-market
MDLZ,2021-12-31,2022-01-27,0.72,0.72,0,0,post-market
MDLZ,2021-09-30,2021-11-02,0.7,0.7,0,0,post-market
MDLZ,2021-06-30,2021-07-27,0.66,0.65,0.01,1.5385,post-market
MDLZ,2021-03-31,2021-04-27,0.77,0.69,0.08,11.5942,post-market
MDB,2023-10-31,2023-12-05,0.96,0.5,0.46,92,post-market
MDB,2023-07-31,2023-08-31,0.93,0.46,0.47,102.1739,post-market
MDB,2023-04-30,2023-06-01,0.56,0.19,0.37,194.7368,post-market
MDB,2023-01-31,2023-03-08,0.57,0.07,0.5,714.2857,post-market
MDB,2022-10-31,2022-12-06,0.23,-0.17,0.4,235.2941,post-market
MDB,2022-07-31,2022-08-31,-0.23,-0.28,0.05,17.8571,post-market
MDB,2022-04-30,2022-06-01,0.2,-0.09,0.29,322.2222,post-market
MDB,2022-01-31,2022-03-08,-0.09,-0.23,0.14,60.8696,post-market
MDB,2021-10-31,2021-12-06,-0.11,-0.38,0.27,71.0526,post-market
MDB,2021-07-31,2021-09-02,-0.24,-0.39,0.15,38.4615,post-market
MDB,2021-04-30,2021-06-03,-0.15,-0.37,0.22,59.4595,post-market
MDB,2021-01-31,2021-03-09,-0.33,-0.39,0.06,15.3846,post-market
MNST,2023-12-31,2024-02-28,0.38,0.38,0,0,post-market
MNST,2023-09-30,2023-11-02,0.43,0.4,0.03,7.5,post-market
MNST,2023-06-30,2023-08-03,0.39,0.39,0,0,post-market
MNST,2023-03-31,2023-05-04,0.38,0.34,0.04,11.7647,post-market
MNST,2022-12-31,2023-02-28,0.57,0.63,-0.06,-9.5238,post-market
MNST,2022-09-30,2022-11-03,0.6,0.59,0.01,1.6949,post-market
MNST,2022-06-30,2022-08-04,0.51,0.7,-0.19,-27.1429,post-market
MNST,2022-03-31,2022-05-05,0.55,0.61,-0.06,-9.8361,post-market
MNST,2021-12-31,2022-02-24,0.6,0.61,-0.01,-1.6393,post-market
MNST,2021-09-30,2021-11-04,0.63,0.67,-0.04,-5.9701,post-market
MNST,2021-06-30,2021-08-05,0.75,0.68,0.07,10.2941,post-market
MNST,2021-03-31,2021-05-06,0.59,0.61,-0.02,-3.2787,post-market
NFLX,2023-12-31,2024-03-04,2.11,2.22,-0.11,-4.955,post-market
NFLX,2023-09-30,2023-10-18,3.73,3.49,0.24,6.8768,post-market
NFLX,2023-06-30,2023-07-19,3.29,2.86,0.43,15.035,post-market
NFLX,2023-03-31,2023-04-18,2.88,2.86,0.02,0.6993,post-market
NFLX,2022-12-31,2023-01-19,0.12,0.45,-0.33,-73.3333,post-market
NFLX,2022-09-30,2022-10-18,3.1,2.13,0.97,45.5399,post-market
NFLX,2022-06-30,2022-07-19,3.2,2.94,0.26,8.8435,post-market
NFLX,2022-03-31,2022-04-19,3.53,2.89,0.64,22.1453,post-market
NFLX,2021-12-31,2022-01-20,1.33,0.82,0.51,62.1951,post-market
NFLX,2021-09-30,2021-10-19,3.19,2.56,0.63,24.6094,post-market
NFLX,2021-06-30,2021-07-20,2.97,3.16,-0.19,-6.0127,post-market
NFLX,2021-03-31,2021-04-20,3.75,2.97,0.78,26.2626,post-market
NVDA,2023-10-31,2023-11-21,4.02,3.37,0.65,19.2878,post-market
NVDA,2023-07-31,2023-08-23,2.7,2.09,0.61,29.1866,post-market
NVDA,2023-04-30,2023-05-24,1.09,0.92,0.17,18.4783,post-market
NVDA,2023-01-31,2023-02-22,0.88,0.81,0.07,8.642,post-market
NVDA,2022-10-31,2022-11-16,0.58,0.69,-0.11,-15.942,post-market
NVDA,2022-07-31,2022-08-24,0.51,1.26,-0.75,-59.5238,post-market
NVDA,2022-04-30,2022-05-25,1.36,1.29,0.07,5.4264,post-market
NVDA,2022-01-31,2022-02-16,1.32,1.22,0.1,8.1967,post-market
NVDA,2021-10-31,2021-11-17,1.17,1.11,0.06,5.4054,post-market
NVDA,2021-07-31,2021-08-18,1.04,1.01,0.03,2.9703,post-market
NVDA,2021-04-30,2021-05-26,0.92,0.82,0.1,12.1951,post-market
NVDA,2021-01-31,2021-02-24,0.78,0.7,0.08,11.4286,post-market
NXPI,2023-12-31,2024-02-05,3.71,3.63,0.08,2.2039,post-market
NXPI,2023-09-30,2023-11-06,3.7,3.59,0.11,3.0641,post-market
NXPI,2023-06-30,2023-07-24,3.43,3.29,0.14,4.2553,post-market
NXPI,2023-03-31,2023-05-01,3.19,3.02,0.17,5.6291,post-market
NXPI,2022-12-31,2023-01-30,3.63,3.6,0.03,0.8333,post-market
NXPI,2022-09-30,2022-10-31,3.81,3.63,0.18,4.9587,post-market
NXPI,2022-06-30,2022-07-25,3.52,3.35,0.17,5.0746,post-market
NXPI,2022-03-31,2022-05-02,3.34,3.17,0.17,5.3628,post-market
NXPI,2021-12-31,2022-01-31,3.2,2.99,0.21,7.0234,post-market
NXPI,2021-09-30,2021-11-01,2.84,2.72,0.12,4.4118,post-market
NXPI,2021-06-30,2021-08-02,2.44,2.31,0.13,5.6277,post-market
NXPI,2021-03-31,2021-04-26,2.2,2.21,-0.01,-0.4525,post-market
ORLY,2023-12-31,2024-02-07,9.26,9.17,0.09,0.9815,post-market
ORLY,2023-09-30,2023-10-25,10.73,10.4,0.33,3.1731,post-market
ORLY,2023-06-30,2023-07-26,10.22,10.09,0.13,1.2884,post-market
ORLY,2023-03-31,2023-04-26,8.28,8,0.28,3.5,post-market
ORLY,2022-12-31,2023-02-08,8.37,7.75,0.62,8,post-market
ORLY,2022-09-30,2022-10-26,9.17,8.5,0.67,7.8824,post-market
ORLY,2022-06-30,2022-07-27,8.78,8.96,-0.18,-2.0089,post-market
ORLY,2022-03-31,2022-04-27,7.17,7.48,-0.31,-4.1444,post-market
ORLY,2021-12-31,2022-02-09,7.64,6.05,1.59,26.281,post-market
ORLY,2021-09-30,2021-10-27,8.07,7.19,0.88,12.2392,post-market
ORLY,2021-06-30,2021-07-28,8.33,7.56,0.77,10.1852,post-market
ORLY,2021-03-31,2021-04-28,7.06,5.47,1.59,29.0676,post-market
ODFL,2023-12-31,2024-01-31,2.94,2.85,0.09,3.1579,pre-market
ODFL,2023-09-30,2023-10-25,3.09,2.92,0.17,5.8219,pre-market
ODFL,2023-06-30,2023-07-26,2.65,2.65,0,0,pre-market
ODFL,2023-03-31,2023-04-26,2.58,2.7,-0.12,-4.4444,pre-market
ODFL,2022-12-31,2023-02-01,2.92,2.68,0.24,8.9552,pre-market
ODFL,2022-09-30,2022-10-26,3.36,3.07,0.29,9.4463,pre-market
ODFL,2022-06-30,2022-07-27,3.3,3.14,0.16,5.0955,pre-market
ODFL,2022-03-31,2022-04-27,2.6,2.39,0.21,8.7866,pre-market
ODFL,2021-12-31,2022-02-02,2.41,2.26,0.15,6.6372,pre-market
ODFL,2021-09-30,2021-10-27,2.47,2.37,0.1,4.2194,pre-market
ODFL,2021-06-30,2021-07-28,2.31,2.16,0.15,6.9444,pre-market
ODFL,2021-03-31,2021-04-22,1.7,1.58,0.12,7.5949,pre-market
ON,2023-12-31,2024-02-05,1.25,1.21,0.04,3.3058,pre-market
ON,2023-09-30,2023-10-30,1.39,1.34,0.05,3.7313,pre-market
ON,2023-06-30,2023-07-31,1.33,1.21,0.12,9.9174,pre-market
ON,2023-03-31,2023-05-01,1.19,1.09,0.1,9.1743,pre-market
ON,2022-12-31,2023-02-06,1.32,1.27,0.05,3.937,pre-market
ON,2022-09-30,2022-10-31,1.45,1.31,0.14,10.687,pre-market
ON,2022-06-30,2022-08-01,1.34,1.26,0.08,6.3492,pre-market
ON,2022-03-31,2022-05-02,1.22,1.05,0.17,16.1905,pre-market
ON,2021-12-31,2022-02-07,1.09,0.94,0.15,15.9574,pre-market
ON,2021-09-30,2021-11-01,0.87,0.74,0.13,17.5676,pre-market
ON,2021-06-30,2021-08-02,0.63,0.49,0.14,28.5714,pre-market
ON,2021-03-31,2021-05-03,0.35,0.34,0.01,2.9412,pre-market
PCAR,2023-12-31,2024-01-23,2.7,2.22,0.48,21.6216,pre-market
PCAR,2023-09-30,2023-10-24,2.34,2.12,0.22,10.3774,pre-market
PCAR,2023-06-30,2023-07-25,2.33,2.18,0.15,6.8807,pre-market
PCAR,2023-03-31,2023-04-25,2.25,1.81,0.44,24.3094,pre-market
PCAR,2022-12-31,2023-01-24,1.76,1.47,0.29,19.7279,pre-market
PCAR,2022-09-30,2022-10-25,1.47,1.32,0.15,11.3636,pre-market
PCAR,2022-06-30,2022-07-26,1.38,1.21,0.17,14.0496,pre-market
PCAR,2022-03-31,2022-04-26,1.15,1.03,0.12,11.6505,pre-market
PCAR,2021-12-31,2022-01-25,0.98,0.88,0.1,11.3636,pre-market
PCAR,2021-09-30,2021-10-26,0.72,0.8,-0.08,-10,pre-market
PCAR,2021-06-30,2021-07-27,0.94,0.93,0.01,1.0753,pre-market
PCAR,2021-03-31,2021-04-27,0.9,0.85,0.05,5.8824,pre-market
PANW,2023-10-31,2023-11-15,1.38,1.16,0.22,18.9655,post-market
PANW,2023-07-31,2023-08-18,1.44,1.28,0.16,12.5,post-market
PANW,2023-04-30,2023-05-23,1.1,0.93,0.17,18.2796,post-market
PANW,2023-01-31,2023-02-21,1.05,0.78,0.27,34.6154,post-market
PANW,2022-10-31,2022-11-17,0.83,0.69,0.14,20.2899,post-market
PANW,2022-07-31,2022-08-22,0.8,0.76,0.04,5.2632,post-market
PANW,2022-04-30,2022-05-19,0.6,0.56,0.04,7.1429,post-market
PANW,2022-01-31,2022-02-22,0.58,0.55,0.03,5.4545,post-market
PANW,2021-10-31,2021-11-18,0.55,0.52,0.03,5.7692,post-market
PANW,2021-07-31,2021-08-23,0.53,0.48,0.05,10.4167,post-market
PANW,2021-04-30,2021-05-20,0.46,0.43,0.03,6.9767,post-market
PANW,2021-01-31,2021-02-22,0.52,0.48,0.04,8.3333,post-market
PAYX,2023-11-30,2023-12-21,1.08,1.07,0.01,0.9346,pre-market
PAYX,2023-08-31,2023-09-27,1.14,1.12,0.02,1.7857,pre-market
PAYX,2023-05-31,2023-06-29,0.97,0.97,0,0,pre-market
PAYX,2023-02-28,2023-03-29,1.29,1.24,0.05,4.0323,pre-market
PAYX,2022-11-30,2022-12-22,0.99,0.95,0.04,4.2105,pre-market
PAYX,2022-08-31,2022-09-28,1.03,0.97,0.06,6.1856,pre-market
PAYX,2022-05-31,2022-06-29,0.81,0.79,0.02,2.5316,pre-market
PAYX,2022-02-28,2022-03-30,1.15,1.05,0.1,9.5238,pre-market
PAYX,2021-11-30,2021-12-22,0.91,0.8,0.11,13.75,pre-market
PAYX,2021-08-31,2021-09-30,0.89,0.8,0.09,11.25,pre-market
PAYX,2021-05-31,2021-06-25,0.72,0.67,0.05,7.4627,pre-market
PAYX,2021-02-28,2021-04-06,0.96,0.92,0.04,4.3478,pre-market
PYPL,2023-12-31,2024-02-07,1.48,1.36,0.12,8.8235,pre-market
PYPL,2023-09-30,2023-11-01,1.3,1.23,0.07,5.6911,post-market
PYPL,2023-06-30,2023-08-02,1.16,1.16,0,0,post-market
PYPL,2023-03-31,2023-05-08,1.17,1.1,0.07,6.3636,post-market
PYPL,2022-12-31,2023-02-09,1.24,1.2,0.04,3.3333,post-market
PYPL,2022-09-30,2022-11-03,1.08,0.96,0.12,12.5,post-market
PYPL,2022-06-30,2022-08-02,0.93,0.86,0.07,8.1395,post-market
PYPL,2022-03-31,2022-04-27,0.88,0.88,0,0,post-market
PYPL,2021-12-31,2022-02-01,1.11,1.12,-0.01,-0.8929,post-market
PYPL,2021-09-30,2021-11-08,1.11,1.07,0.04,3.7383,post-market
PYPL,2021-06-30,2021-07-28,1.15,1.12,0.03,2.6786,post-market
PYPL,2021-03-31,2021-05-05,1.22,1.01,0.21,20.7921,post-market
PDD,2023-12-31,2024-03-20,17.32,11.45,5.87,51.2664,pre-market
PDD,2023-09-30,2023-11-28,11.61,8.7,2.91,33.4483,pre-market
PDD,2023-06-30,2023-08-29,10.47,7.28,3.19,43.8187,pre-market
PDD,2023-03-31,2023-05-26,6.92,3.79,3.13,82.5858,pre-market
PDD,2022-12-31,2023-03-20,8.34,8.3,0.04,0.4819,pre-market
PDD,2022-09-30,2022-11-28,8.62,4.69,3.93,83.7953,pre-market
PDD,2022-06-30,2022-08-29,7.54,2.76,4.78,173.1884,pre-market
PDD,2022-03-31,2022-05-27,2.95,1.69,1.26,74.5562,pre-market
PDD,2021-12-31,2022-03-21,5.88,2.21,3.67,166.0633,pre-market
PDD,2021-09-30,2021-11-26,2.18,0.15,2.03,1353.3333,pre-market
PDD,2021-06-30,2021-08-24,2.85,-1.32,4.17,315.9091,pre-market
PDD,2021-03-31,2021-05-26,-1.52,-2.66,1.14,42.8571,pre-market
PEP,2023-12-31,2024-02-09,1.78,1.72,0.06,3.4884,pre-market
PEP,2023-09-30,2023-10-10,2.25,2.15,0.1,4.6512,pre-market
PEP,2023-06-30,2023-07-13,2.09,1.96,0.13,6.6327,pre-market
PEP,2023-03-31,2023-04-25,1.5,1.39,0.11,7.9137,pre-market
PEP,2022-12-31,2023-02-09,1.67,1.65,0.02,1.2121,pre-market
PEP,2022-09-30,2022-10-12,1.97,1.84,0.13,7.0652,pre-market
PEP,2022-06-30,2022-07-12,1.86,1.74,0.12,6.8966,pre-market
PEP,2022-03-31,2022-04-26,1.29,1.23,0.06,4.878,pre-market
PEP,2021-12-31,2022-02-10,1.53,1.52,0.01,0.6579,pre-market
PEP,2021-09-30,2021-10-05,1.79,1.73,0.06,3.4682,pre-market
PEP,2021-06-30,2021-07-13,1.72,1.53,0.19,12.4183,pre-market
PEP,2021-03-31,2021-04-15,1.21,1.12,0.09,8.0357,pre-market
QCOM,2023-12-31,2024-01-31,2.75,2.37,0.38,16.0338,post-market
QCOM,2023-09-30,2023-11-01,2.02,1.91,0.11,5.7592,post-market
QCOM,2023-06-30,2023-08-02,1.87,1.81,0.06,3.3149,post-market
QCOM,2023-03-31,2023-05-03,2.15,2.15,0,0,post-market
QCOM,2022-12-31,2023-02-02,2.37,2.34,0.03,1.2821,post-market
QCOM,2022-09-30,2022-11-02,3.13,3.13,0,0,post-market
QCOM,2022-06-30,2022-07-27,2.96,2.87,0.09,3.1359,post-market
QCOM,2022-03-31,2022-04-27,3.21,2.91,0.3,10.3093,post-market
QCOM,2021-12-31,2022-02-02,3.23,3.01,0.22,7.309,post-market
QCOM,2021-09-30,2021-11-03,2.55,2.26,0.29,12.8319,post-market
QCOM,2021-06-30,2021-07-28,1.92,1.68,0.24,14.2857,post-market
QCOM,2021-03-31,2021-04-28,1.9,1.67,0.23,13.7725,post-market
REGN,2023-12-31,2024-02-02,11.86,10.73,1.13,10.5312,pre-market
REGN,2023-09-30,2023-11-02,11.59,10.72,0.87,8.1157,pre-market
REGN,2023-06-30,2023-08-03,10.24,9.84,0.4,4.065,pre-market
REGN,2023-03-31,2023-05-04,10.09,9.56,0.53,5.5439,pre-market
REGN,2022-12-31,2023-02-03,12.56,10.03,2.53,25.2243,pre-market
REGN,2022-09-30,2022-11-03,11.14,9.48,1.66,17.5105,pre-market
REGN,2022-06-30,2022-08-03,9.77,8.84,0.93,10.5204,pre-market
REGN,2022-03-31,2022-05-04,8.93,9.74,-0.81,-8.3162,pre-market
REGN,2021-12-31,2022-02-04,21.32,18.35,2.97,16.1853,pre-market
REGN,2021-09-30,2021-11-04,14.37,10.1,4.27,42.2772,pre-market
REGN,2021-06-30,2021-08-05,25.8,17.53,8.27,47.1763,pre-market
REGN,2021-03-31,2021-05-06,9.89,9,0.89,9.8889,pre-market
ROP,2023-12-31,2024-01-31,4.37,4.34,0.03,0.6912,pre-market
ROP,2023-09-30,2023-10-25,4.32,4.22,0.1,2.3697,pre-market
ROP,2023-06-30,2023-07-21,4.12,3.99,0.13,3.2581,pre-market
ROP,2023-03-31,2023-04-27,3.9,3.85,0.05,1.2987,pre-market
ROP,2022-12-31,2023-01-27,3.92,3.77,0.15,3.9788,pre-market
ROP,2022-09-30,2022-10-26,3.67,3.46,0.21,6.0694,pre-market
ROP,2022-06-30,2022-07-22,3.95,3.59,0.36,10.0279,pre-market
ROP,2022-03-31,2022-04-26,3.77,3.69,0.08,2.168,pre-market
ROP,2021-12-31,2022-02-02,3.73,3.67,0.06,1.6349,pre-market
ROP,2021-09-30,2021-10-22,3.91,3.83,0.08,2.0888,pre-market
ROP,2021-06-30,2021-07-23,3.76,3.67,0.09,2.4523,pre-market
ROP,2021-03-31,2021-04-27,3.6,3.32,0.28,8.4337,pre-market
ROST,2023-10-31,2023-11-16,1.33,1.22,0.11,9.0164,post-market
ROST,2023-07-31,2023-08-17,1.32,1.16,0.16,13.7931,post-market
ROST,2023-04-30,2023-05-18,1.09,1.06,0.03,2.8302,post-market
ROST,2023-01-31,2023-02-28,1.31,1.24,0.07,5.6452,post-market
ROST,2022-10-31,2022-11-17,1,0.81,0.19,23.4568,post-market
ROST,2022-07-31,2022-08-18,1.11,0.99,0.12,12.1212,post-market
ROST,2022-04-30,2022-05-19,0.91,1,-0.09,-9,post-market
ROST,2022-01-31,2022-03-01,1.04,0.97,0.07,7.2165,post-market
ROST,2021-10-31,2021-11-18,1.09,0.78,0.31,39.7436,post-market
ROST,2021-07-31,2021-08-19,1.39,0.98,0.41,41.8367,post-market
ROST,2021-04-30,2021-05-20,1.34,0.88,0.46,52.2727,post-market
ROST,2021-01-31,2021-03-02,0.67,1,-0.33,-33,post-market
SIRI,2023-12-31,2024-02-01,0.09,0.08,0.01,12.5,pre-market
SIRI,2023-09-30,2023-10-31,0.09,0.08,0.01,12.5,pre-market
SIRI,2023-06-30,2023-08-01,0.08,0.07,0.01,14.2857,pre-market
SIRI,2023-03-31,2023-04-27,0.06,0.07,-0.01,-14.2857,pre-market
SIRI,2022-12-31,2023-02-02,0.09,0.08,0.01,12.5,pre-market
SIRI,2022-09-30,2022-11-01,0.06,0.08,-0.02,-25,pre-market
SIRI,2022-06-30,2022-07-28,0.07,0.08,-0.01,-12.5,pre-market
SIRI,2022-03-31,2022-04-28,0.08,0.08,0,0,pre-market
SIRI,2021-12-31,2022-02-01,0.08,0.07,0.01,14.2857,pre-market
SIRI,2021-09-30,2021-10-28,0.1,0.07,0.03,42.8571,pre-market
SIRI,2021-06-30,2021-07-27,0.07,0.07,0,0,pre-market
SIRI,2021-03-31,2021-04-28,0.07,0.06,0.01,16.6667,pre-market
SBUX,2023-12-31,2024-03-13,0.9,0.93,-0.03,-3.2258,post-market
SBUX,2023-09-30,2023-11-02,1.06,0.97,0.09,9.2784,pre-market
SBUX,2023-06-30,2023-08-01,1,0.95,0.05,5.2632,post-market
SBUX,2023-03-31,2023-05-02,0.74,0.65,0.09,13.8462,post-market
SBUX,2022-12-31,2023-02-02,0.75,0.77,-0.02,-2.5974,post-market
SBUX,2022-09-30,2022-11-03,0.81,0.72,0.09,12.5,post-market
SBUX,2022-06-30,2022-08-02,0.84,0.75,0.09,12,post-market
SBUX,2022-03-31,2022-05-03,0.59,0.59,0,0,post-market
SBUX,2021-12-31,2022-02-01,0.72,0.8,-0.08,-10,post-market
SBUX,2021-09-30,2021-10-28,1,0.99,0.01,1.0101,post-market
SBUX,2021-06-30,2021-07-27,1.01,0.78,0.23,29.4872,post-market
SBUX,2021-03-31,2021-04-27,0.62,0.53,0.09,16.9811,post-market
SNPS,2023-10-31,2023-11-29,3.17,3.04,0.13,4.2763,post-market
SNPS,2023-07-31,2023-08-16,2.88,2.74,0.14,5.1095,post-market
SNPS,2023-04-30,2023-05-17,2.54,2.46,0.08,3.252,post-market
SNPS,2023-01-31,2023-02-15,2.62,2.5,0.12,4.8,post-market
SNPS,2022-10-31,2022-11-30,1.91,1.85,0.06,3.2432,post-market
SNPS,2022-07-31,2022-08-17,2.1,1.99,0.11,5.5276,post-market
SNPS,2022-04-30,2022-05-18,2.5,2.37,0.13,5.4852,post-market
SNPS,2022-01-31,2022-02-16,2.4,2.37,0.03,1.2658,post-market
SNPS,2021-10-31,2021-12-01,1.82,1.78,0.04,2.2472,post-market
SNPS,2021-07-31,2021-08-18,1.81,1.78,0.03,1.6854,post-market
SNPS,2021-04-30,2021-05-19,1.7,1.52,0.18,11.8421,post-market
SNPS,2021-01-31,2021-02-17,1.52,1.47,0.05,3.4014,post-market
TTWO,2023-12-31,2024-02-08,0.71,0.72,-0.01,-1.3889,post-market
TTWO,2023-09-30,2023-11-08,1.22,1.03,0.19,18.4466,post-market
TTWO,2023-06-30,2023-08-08,0.27,0.42,-0.15,-35.7143,post-market
TTWO,2023-03-31,2023-05-17,0.59,0.68,-0.09,-13.2353,post-market
TTWO,2022-12-31,2023-02-06,0.86,0.87,-0.01,-1.1494,post-market
TTWO,2022-09-30,2022-11-07,1.3,1.37,-0.07,-5.1095,post-market
TTWO,2022-06-30,2022-08-08,0.74,0.85,-0.11,-12.9412,post-market
TTWO,2022-03-31,2022-05-16,1.09,1.04,0.05,4.8077,post-market
TTWO,2021-12-31,2022-02-07,1.32,1.22,0.1,8.1967,post-market
TTWO,2021-09-30,2021-11-03,1.63,1.34,0.29,21.6418,post-market
TTWO,2021-06-30,2021-08-02,1.01,0.89,0.12,13.4831,post-market
TTWO,2021-03-31,2021-05-18,0.94,0.67,0.27,40.2985,post-market
TMUS,2023-12-31,2024-03-11,1.67,1.9,-0.23,-12.1053,pre-market
TMUS,2023-09-30,2023-10-25,1.82,1.74,0.08,4.5977,pre-market
TMUS,2023-06-30,2023-07-27,1.86,1.69,0.17,10.0592,post-market
TMUS,2023-03-31,2023-04-27,1.58,1.48,0.1,6.7568,post-market
TMUS,2022-12-31,2023-02-01,1.18,1.1,0.08,7.2727,pre-market
TMUS,2022-09-30,2022-10-27,0.4,0.04,0.36,900,post-market
TMUS,2022-06-30,2022-07-27,0.43,0.25,0.18,72,pre-market
TMUS,2022-03-31,2022-04-27,0.57,0.33,0.24,72.7273,pre-market
TMUS,2021-12-31,2022-02-02,0.34,0.15,0.19,126.6667,post-market
TMUS,2021-09-30,2021-11-02,0.55,0.53,0.02,3.7736,post-market
TMUS,2021-06-30,2021-07-29,0.78,0.53,0.25,47.1698,post-market
TMUS,2021-03-31,2021-05-04,0.74,0.57,0.17,29.8246,post-market
TSLA,2023-12-31,2024-01-24,0.71,0.74,-0.03,-4.0541,post-market
TSLA,2023-09-30,2023-10-18,0.66,0.72,-0.06,-8.3333,post-market
TSLA,2023-06-30,2023-07-19,0.91,0.82,0.09,10.9756,post-market
TSLA,2023-03-31,2023-04-19,0.85,0.85,0,0,post-market
TSLA,2022-12-31,2023-01-25,1.19,1.13,0.06,5.3097,post-market
TSLA,2022-09-30,2022-10-19,1.05,0.99,0.06,6.0606,post-market
TSLA,2022-06-30,2022-07-20,0.76,0.6,0.16,26.6667,post-market
TSLA,2022-03-31,2022-04-20,1.07,0.75,0.32,42.6667,post-market
TSLA,2021-12-31,2022-01-26,0.85,0.79,0.06,7.5949,post-market
TSLA,2021-09-30,2021-10-20,0.62,0.53,0.09,16.9811,post-market
TSLA,2021-06-30,2021-07-26,0.48,0.33,0.15,45.4545,post-market
TSLA,2021-03-31,2021-04-26,0.31,0.26,0.05,19.2308,post-market
TXN,2023-12-31,2024-01-23,1.49,1.47,0.02,1.3605,post-market
TXN,2023-09-30,2023-10-24,1.85,1.82,0.03,1.6484,post-market
TXN,2023-06-30,2023-07-25,1.87,1.76,0.11,6.25,post-market
TXN,2023-03-31,2023-04-25,1.85,1.78,0.07,3.9326,post-market
TXN,2022-12-31,2023-01-24,2.13,1.98,0.15,7.5758,post-market
TXN,2022-09-30,2022-10-25,2.45,2.39,0.06,2.5105,post-market
TXN,2022-06-30,2022-07-26,2.45,2.12,0.33,15.566,post-market
TXN,2022-03-31,2022-04-26,2.35,2.18,0.17,7.7982,post-market
TXN,2021-12-31,2022-01-25,2.27,1.94,0.33,17.0103,post-market
TXN,2021-09-30,2021-10-26,2.07,2.05,0.02,0.9756,post-market
TXN,2021-06-30,2021-07-21,2.05,1.83,0.22,12.0219,post-market
TXN,2021-03-31,2021-04-27,1.85,1.58,0.27,17.0886,post-market
TTD,2023-12-31,2024-02-15,0.41,0.43,-0.02,-4.6512,post-market
TTD,2023-09-30,2023-11-09,0.33,0.29,0.04,13.7931,post-market
TTD,2023-06-30,2023-08-09,0.28,0.26,0.02,7.6923,post-market
TTD,2023-03-31,2023-05-10,0.23,0.12,0.11,91.6667,post-market
TTD,2022-12-31,2023-02-15,0.38,0.36,0.02,5.5556,pre-market
TTD,2022-09-30,2022-11-09,0.26,0.22,0.04,18.1818,pre-market
TTD,2022-06-30,2022-08-09,0.2,0.2,0,0,post-market
TTD,2022-03-31,2022-05-10,0.21,0.15,0.06,40,post-market
TTD,2021-12-31,2022-02-16,0.42,0.28,0.14,50,pre-market
TTD,2021-09-30,2021-11-08,0.18,0.15,0.03,20,pre-market
TTD,2021-06-30,2021-08-09,0.18,0.13,0.05,38.4615,pre-market
TTD,2021-03-31,2021-05-10,0.14,0.07,0.07,100,pre-market
VRSK,2023-12-31,2024-02-21,1.4,1.44,-0.04,-2.7778,pre-market
VRSK,2023-09-30,2023-11-01,1.52,1.47,0.05,3.4014,pre-market
VRSK,2023-06-30,2023-08-02,1.51,1.41,0.1,7.0922,pre-market
VRSK,2023-03-31,2023-05-03,1.29,1.19,0.1,8.4034,pre-market
VRSK,2022-12-31,2023-02-28,1.43,1.18,0.25,21.1864,post-market
VRSK,2022-09-30,2022-11-01,1.46,1.47,-0.01,-0.6803,post-market
VRSK,2022-06-30,2022-08-02,1.53,1.41,0.12,8.5106,post-market
VRSK,2022-03-31,2022-05-03,1.34,1.39,-0.05,-3.5971,post-market
VRSK,2021-12-31,2022-02-22,1.47,1.41,0.06,4.2553,post-market
VRSK,2021-09-30,2021-11-02,1.44,1.36,0.08,5.8824,post-market
VRSK,2021-06-30,2021-08-03,1.17,1.33,-0.16,-12.0301,post-market
VRSK,2021-03-31,2021-05-04,1.23,1.25,-0.02,-1.6,post-market
VRTX,2023-12-31,2024-03-11,3.92,3.83,0.09,2.3499,post-market
VRTX,2023-09-30,2023-11-06,4.08,3.97,0.11,2.7708,post-market
VRTX,2023-06-30,2023-08-01,3.89,3.88,0.01,0.2577,post-market
VRTX,2023-03-31,2023-05-01,3.05,3,0.05,1.6667,post-market
VRTX,2022-12-31,2023-02-07,3.76,3.51,0.25,7.1225,post-market
VRTX,2022-09-30,2022-10-27,4.01,3.64,0.37,10.1648,post-market
VRTX,2022-06-30,2022-08-04,3.6,3.48,0.12,3.4483,post-market
VRTX,2022-03-31,2022-05-05,3.52,3.49,0.03,0.8596,post-market
VRTX,2021-12-31,2022-01-26,3.37,3.3,0.07,2.1212,post-market
VRTX,2021-09-30,2021-11-02,3.56,3.08,0.48,15.5844,post-market
VRTX,2021-06-30,2021-07-29,3.11,2.51,0.6,23.9044,post-market
VRTX,2021-03-31,2021-04-29,2.98,2.69,0.29,10.7807,post-market
WBA,2023-11-30,2024-01-04,0.66,0.61,0.05,8.1967,pre-market
WBA,2023-08-31,2023-10-12,0.67,0.69,-0.02,-2.8986,pre-market
WBA,2023-05-31,2023-06-27,1,1.07,-0.07,-6.5421,pre-market
WBA,2023-02-28,2023-03-28,1.16,1.1,0.06,5.4545,pre-market
WBA,2022-11-30,2023-01-05,1.16,1.14,0.02,1.7544,pre-market
WBA,2022-08-31,2022-10-13,0.8,0.77,0.03,3.8961,pre-market
WBA,2022-05-31,2022-06-30,0.96,0.92,0.04,4.3478,pre-market
WBA,2022-02-28,2022-03-31,1.59,1.4,0.19,13.5714,pre-market
WBA,2021-11-30,2022-01-06,1.68,1.33,0.35,26.3158,pre-market
WBA,2021-08-31,2021-10-14,1.17,1.02,0.15,14.7059,pre-market
WBA,2021-05-31,2021-07-01,1.38,1.17,0.21,17.9487,pre-market
WBA,2021-02-28,2021-03-31,1.26,1.11,0.15,13.5135,pre-market
WBD,2023-12-31,2024-03-04,-0.16,-0.07,-0.09,-128.5714,post-market
WBD,2023-09-30,2023-11-08,-0.17,-0.06,-0.11,-183.3333,post-market
WBD,2023-06-30,2023-08-03,-0.49,-0.38,-0.11,-28.9474,pre-market
WBD,2023-03-31,2023-05-05,-0.44,0.01,-0.45,-4500,pre-market
WBD,2022-12-31,2023-02-23,-0.86,-0.21,-0.65,-309.5238,post-market
WBD,2022-09-30,2022-11-03,-0.95,-0.21,-0.74,-352.381,post-market
WBD,2022-06-30,2022-08-04,0.82,0.02,0.8,4000,post-market
WBD,2022-03-31,2022-04-26,0.69,0.04,0.65,1625,pre-market
WBD,2021-12-31,2022-02-24,0.08,0.83,-0.75,-90.3614,pre-market
WBD,2021-09-30,2021-11-03,0.24,0.41,-0.17,-41.4634,pre-market
WBD,2021-06-30,2021-08-03,0.89,0.86,0.03,3.4884,pre-market
WBD,2021-03-31,2021-04-28,0.53,0.65,-0.12,-18.4615,pre-market
WDAY,2023-10-31,2023-11-28,1.53,1.41,0.12,8.5106,post-market
WDAY,2023-07-31,2023-08-24,1.43,1.26,0.17,13.4921,post-market
WDAY,2023-04-30,2023-05-25,1.31,1.12,0.19,16.9643,post-market
WDAY,2023-01-31,2023-02-27,0.99,0.91,0.08,8.7912,post-market
WDAY,2022-10-31,2022-11-29,0.99,0.84,0.15,17.8571,post-market
WDAY,2022-07-31,2022-08-25,0.83,0.8,0.03,3.75,post-market
WDAY,2022-04-30,2022-05-26,0.83,0.86,-0.03,-3.4884,post-market
WDAY,2022-01-31,2022-02-28,0.78,0.71,0.07,9.8592,post-market
WDAY,2021-10-31,2021-11-18,1.1,0.86,0.24,27.907,post-market
WDAY,2021-07-31,2021-08-26,1.23,0.78,0.45,57.6923,post-market
WDAY,2021-04-30,2021-05-26,0.87,0.73,0.14,19.1781,post-market
WDAY,2021-01-31,2021-02-25,0.73,0.55,0.18,32.7273,post-market
XEL,2023-12-31,2024-01-25,0.87,0.85,0.02,2.3529,pre-market
XEL,2023-09-30,2023-10-27,1.23,1.27,-0.04,-3.1496,pre-market
XEL,2023-06-30,2023-07-27,0.52,0.57,-0.05,-8.7719,pre-market
XEL,2023-03-31,2023-04-27,0.76,0.74,0.02,2.7027,pre-market
XEL,2022-12-31,2023-01-26,0.69,0.68,0.01,1.4706,pre-market
XEL,2022-09-30,2022-10-27,1.18,1.22,-0.04,-3.2787,pre-market
XEL,2022-06-30,2022-07-28,0.6,0.6,0,0,pre-market
XEL,2022-03-31,2022-04-28,0.7,0.68,0.02,2.9412,pre-market
XEL,2021-12-31,2022-01-27,0.58,0.58,0,0,pre-market
XEL,2021-09-30,2021-10-28,1.13,1.18,-0.05,-4.2373,pre-market
XEL,2021-06-30,2021-07-29,0.58,0.56,0.02,3.5714,pre-market
XEL,2021-03-31,2021-04-29,0.67,0.61,0.06,9.8361,pre-market
ZS,2023-10-31,2023-11-27,0.67,0.49,0.18,36.7347,post-market
ZS,2023-07-31,2023-09-05,0.64,0.49,0.15,30.6122,post-market
ZS,2023-04-30,2023-06-01,0.48,0.42,0.06,14.2857,post-market
ZS,2023-01-31,2023-03-02,0.37,0.29,0.08,27.5862,post-market
ZS,2022-10-31,2022-12-01,0.29,0.26,0.03,11.5385,post-market
ZS,2022-07-31,2022-09-08,0.25,0.2,0.05,25,post-market
ZS,2022-04-30,2022-05-26,0.17,0.11,0.06,54.5455,post-market
ZS,2022-01-31,2022-02-24,0.13,0.11,0.02,18.1818,post-market
ZS,2021-10-31,2021-11-30,0.14,0.12,0.02,16.6667,post-market
ZS,2021-07-31,2021-09-09,0.14,0.09,0.05,55.5556,post-market
ZS,2021-04-30,2021-05-25,0.15,0.07,0.08,114.2857,post-market
ZS,2021-01-31,2021-02-25,0.1,0.08,0.02,25,post-market
